,gateway_name,symbol,exchange,datetime,interval,volume,turnover,open_interest,open_price,high_price,low_price,close_price,vt_symbol
0,BINANCE,BTCUSDT,Exchange.BINANCE,2025-08-31 03:18:00+08:00,Interval.MINUTE,0.92041,0,0,108741.71,108741.71,108740.15,108740.15,BTCUSDT.BINANCE
1,BINANCE,BTCUSDT,Exchange.BINANCE,2025-08-31 03:19:00+08:00,Interval.MINUTE,5.56694,0,0,108740.16,108769.3,108740.15,108769.3,BTCUSDT.BINANCE
2,BINANCE,BTCUSDT,Exchange.BINANCE,2025-08-31 03:20:00+08:00,Interval.MINUTE,0.19891,0,0,108769.3,108769.3,108769.29,108769.3,BTCUSDT.BINANCE
3,BINANCE,BTCUSDT,Exchange.BINANCE,2025-08-31 03:21:00+08:00,Interval.MINUTE,1.43955,0,0,108769.3,108769.3,108753.92,108753.92,BTCUSDT.BINANCE
4,BINANCE,BTCUSDT,Exchange.BINANCE,2025-08-31 03:22:00+08:00,Interval.MINUTE,0.94639,0,0,108753.93,108753.93,108736.5,108736.5,BTCUSDT.BINANCE
5,BINANCE,BTCUSDT,Exchange.BINANCE,2025-08-31 03:23:00+08:00,Interval.MINUTE,7.36482,0,0,108736.5,108736.51,108650.0,108650.01,BTCUSDT.BINANCE
6,BINANCE,BTCUSDT,Exchange.BINANCE,2025-08-31 03:24:00+08:00,Interval.MINUTE,2.01053,0,0,108650.01,108680.0,108650.0,108680.0,BTCUSDT.BINANCE
7,BINANCE,BTCUSDT,Exchange.BINANCE,2025-08-31 03:25:00+08:00,Interval.MINUTE,1.29403,0,0,108679.99,108740.0,108679.99,108740.0,BTCUSDT.BINANCE
8,BINANCE,BTCUSDT,Exchange.BINANCE,2025-08-31 03:26:00+08:00,Interval.MINUTE,5.68632,0,0,108739.99,108760.0,108739.99,108760.0,BTCUSDT.BINANCE
9,BINANCE,BTCUSDT,Exchange.BINANCE,2025-08-31 03:27:00+08:00,Interval.MINUTE,2.91982,0,0,108760.0,108808.37,108759.99,108808.37,BTCUSDT.BINANCE
10,BINANCE,BTCUSDT,Exchange.BINANCE,2025-08-31 03:28:00+08:00,Interval.MINUTE,0.53855,0,0,108808.37,108808.37,108808.36,108808.37,BTCUSDT.BINANCE
11,BINANCE,BTCUSDT,Exchange.BINANCE,2025-08-31 03:29:00+08:00,Interval.MINUTE,2.69048,0,0,108808.36,108808.37,108808.36,108808.36,BTCUSDT.BINANCE
12,BINANCE,BTCUSDT,Exchange.BINANCE,2025-08-31 03:30:00+08:00,Interval.MINUTE,2.10124,0,0,108808.36,108832.46,108808.36,108832.45,BTCUSDT.BINANCE
13,BINANCE,BTCUSDT,Exchange.BINANCE,2025-08-31 03:31:00+08:00,Interval.MINUTE,6.13295,0,0,108832.45,108832.46,108818.01,108818.01,BTCUSDT.BINANCE
14,BINANCE,BTCUSDT,Exchange.BINANCE,2025-08-31 03:32:00+08:00,Interval.MINUTE,2.46619,0,0,108818.01,108818.02,108799.99,108799.99,BTCUSDT.BINANCE
15,BINANCE,BTCUSDT,Exchange.BINANCE,2025-08-31 03:33:00+08:00,Interval.MINUTE,1.11908,0,0,108800.0,108800.0,108799.99,108800.0,BTCUSDT.BINANCE
16,BINANCE,BTCUSDT,Exchange.BINANCE,2025-08-31 03:34:00+08:00,Interval.MINUTE,2.59099,0,0,108800.0,108819.99,108799.99,108819.99,BTCUSDT.BINANCE
17,BINANCE,BTCUSDT,Exchange.BINANCE,2025-08-31 03:35:00+08:00,Interval.MINUTE,3.58509,0,0,108820.0,108839.07,108820.0,108839.07,BTCUSDT.BINANCE
18,BINANCE,BTCUSDT,Exchange.BINANCE,2025-08-31 03:36:00+08:00,Interval.MINUTE,0.8885,0,0,108839.07,108839.07,108839.06,108839.06,BTCUSDT.BINANCE
19,BINANCE,BTCUSDT,Exchange.BINANCE,2025-08-31 03:37:00+08:00,Interval.MINUTE,0.58751,0,0,108839.06,108839.07,108839.06,108839.07,BTCUSDT.BINANCE
20,BINANCE,BTCUSDT,Exchange.BINANCE,2025-08-31 03:38:00+08:00,Interval.MINUTE,0.29879,0,0,108839.07,108839.07,108839.06,108839.07,BTCUSDT.BINANCE
21,BINANCE,BTCUSDT,Exchange.BINANCE,2025-08-31 03:39:00+08:00,Interval.MINUTE,1.25207,0,0,108839.07,108844.67,108839.06,108844.66,BTCUSDT.BINANCE
22,BINANCE,BTCUSDT,Exchange.BINANCE,2025-08-31 03:40:00+08:00,Interval.MINUTE,0.47873,0,0,108844.67,108844.67,108844.66,108844.67,BTCUSDT.BINANCE
23,BINANCE,BTCUSDT,Exchange.BINANCE,2025-08-31 03:41:00+08:00,Interval.MINUTE,0.35762,0,0,108844.67,108844.67,108844.66,108844.66,BTCUSDT.BINANCE
24,BINANCE,BTCUSDT,Exchange.BINANCE,2025-08-31 03:42:00+08:00,Interval.MINUTE,0.73071,0,0,108844.67,108844.67,108844.66,108844.67,BTCUSDT.BINANCE
25,BINANCE,BTCUSDT,Exchange.BINANCE,2025-08-31 03:43:00+08:00,Interval.MINUTE,0.22883,0,0,108844.67,108844.67,108844.66,108844.66,BTCUSDT.BINANCE
26,BINANCE,BTCUSDT,Exchange.BINANCE,2025-08-31 03:44:00+08:00,Interval.MINUTE,2.69397,0,0,108844.66,108879.02,108844.66,108879.02,BTCUSDT.BINANCE
27,BINANCE,BTCUSDT,Exchange.BINANCE,2025-08-31 03:45:00+08:00,Interval.MINUTE,5.43085,0,0,108879.02,108900.0,108870.56,108870.56,BTCUSDT.BINANCE
28,BINANCE,BTCUSDT,Exchange.BINANCE,2025-08-31 03:46:00+08:00,Interval.MINUTE,1.32456,0,0,108870.57,108870.57,108820.0,108820.01,BTCUSDT.BINANCE
29,BINANCE,BTCUSDT,Exchange.BINANCE,2025-08-31 03:47:00+08:00,Interval.MINUTE,2.14022,0,0,108820.0,108820.01,108778.58,108778.58,BTCUSDT.BINANCE
30,BINANCE,BTCUSDT,Exchange.BINANCE,2025-08-31 03:48:00+08:00,Interval.MINUTE,3.05456,0,0,108778.59,108805.21,108778.58,108790.91,BTCUSDT.BINANCE
31,BINANCE,BTCUSDT,Exchange.BINANCE,2025-08-31 03:49:00+08:00,Interval.MINUTE,3.86449,0,0,108790.92,108817.3,108790.92,108811.41,BTCUSDT.BINANCE
32,BINANCE,BTCUSDT,Exchange.BINANCE,2025-08-31 03:50:00+08:00,Interval.MINUTE,1.37616,0,0,108811.41,108811.41,108796.25,108798.25,BTCUSDT.BINANCE
33,BINANCE,BTCUSDT,Exchange.BINANCE,2025-08-31 03:51:00+08:00,Interval.MINUTE,0.71982,0,0,108798.26,108806.0,108796.76,108796.76,BTCUSDT.BINANCE
34,BINANCE,BTCUSDT,Exchange.BINANCE,2025-08-31 03:52:00+08:00,Interval.MINUTE,0.65404,0,0,108796.76,108796.77,108796.76,108796.77,BTCUSDT.BINANCE
35,BINANCE,BTCUSDT,Exchange.BINANCE,2025-08-31 03:53:00+08:00,Interval.MINUTE,1.51664,0,0,108796.77,108825.41,108796.76,108819.26,BTCUSDT.BINANCE
36,BINANCE,BTCUSDT,Exchange.BINANCE,2025-08-31 03:54:00+08:00,Interval.MINUTE,5.80836,0,0,108819.26,108819.26,108805.76,108805.77,BTCUSDT.BINANCE
37,BINANCE,BTCUSDT,Exchange.BINANCE,2025-08-31 03:55:00+08:00,Interval.MINUTE,1.04782,0,0,108805.76,108805.77,108789.29,108789.3,BTCUSDT.BINANCE
38,BINANCE,BTCUSDT,Exchange.BINANCE,2025-08-31 03:56:00+08:00,Interval.MINUTE,4.55145,0,0,108789.3,108794.51,108786.6,108786.61,BTCUSDT.BINANCE
39,BINANCE,BTCUSDT,Exchange.BINANCE,2025-08-31 03:57:00+08:00,Interval.MINUTE,2.23308,0,0,108786.61,108803.47,108786.6,108803.47,BTCUSDT.BINANCE
40,BINANCE,BTCUSDT,Exchange.BINANCE,2025-08-31 03:58:00+08:00,Interval.MINUTE,1.81419,0,0,108803.47,108822.57,108803.46,108822.56,BTCUSDT.BINANCE
41,BINANCE,BTCUSDT,Exchange.BINANCE,2025-08-31 03:59:00+08:00,Interval.MINUTE,0.38916,0,0,108822.57,108828.33,108822.56,108828.33,BTCUSDT.BINANCE
42,BINANCE,BTCUSDT,Exchange.BINANCE,2025-08-31 04:00:00+08:00,Interval.MINUTE,0.753,0,0,108828.32,108838.27,108828.32,108838.27,BTCUSDT.BINANCE
43,BINANCE,BTCUSDT,Exchange.BINANCE,2025-08-31 04:01:00+08:00,Interval.MINUTE,4.23934,0,0,108838.27,108838.27,108798.78,108798.79,BTCUSDT.BINANCE
44,BINANCE,BTCUSDT,Exchange.BINANCE,2025-08-31 04:02:00+08:00,Interval.MINUTE,0.27718,0,0,108798.79,108798.79,108795.08,108795.08,BTCUSDT.BINANCE
45,BINANCE,BTCUSDT,Exchange.BINANCE,2025-08-31 04:03:00+08:00,Interval.MINUTE,0.36262,0,0,108795.08,108795.09,108795.08,108795.08,BTCUSDT.BINANCE
46,BINANCE,BTCUSDT,Exchange.BINANCE,2025-08-31 04:04:00+08:00,Interval.MINUTE,2.00788,0,0,108795.08,108795.09,108766.02,108766.03,BTCUSDT.BINANCE
47,BINANCE,BTCUSDT,Exchange.BINANCE,2025-08-31 04:05:00+08:00,Interval.MINUTE,3.18009,0,0,108766.03,108788.0,108766.02,108787.99,BTCUSDT.BINANCE
48,BINANCE,BTCUSDT,Exchange.BINANCE,2025-08-31 04:06:00+08:00,Interval.MINUTE,0.3317,0,0,108788.0,108791.97,108787.99,108791.96,BTCUSDT.BINANCE
49,BINANCE,BTCUSDT,Exchange.BINANCE,2025-08-31 04:07:00+08:00,Interval.MINUTE,1.07973,0,0,108791.97,108791.97,108781.08,108786.64,BTCUSDT.BINANCE
50,BINANCE,BTCUSDT,Exchange.BINANCE,2025-08-31 04:08:00+08:00,Interval.MINUTE,2.08581,0,0,108786.64,108786.65,108762.98,108762.98,BTCUSDT.BINANCE
51,BINANCE,BTCUSDT,Exchange.BINANCE,2025-08-31 04:09:00+08:00,Interval.MINUTE,0.39854,0,0,108762.98,108762.99,108762.64,108762.65,BTCUSDT.BINANCE
52,BINANCE,BTCUSDT,Exchange.BINANCE,2025-08-31 04:10:00+08:00,Interval.MINUTE,1.83085,0,0,108762.65,108762.65,108731.74,108731.74,BTCUSDT.BINANCE
53,BINANCE,BTCUSDT,Exchange.BINANCE,2025-08-31 04:11:00+08:00,Interval.MINUTE,1.08726,0,0,108731.74,108731.75,108722.23,108722.24,BTCUSDT.BINANCE
54,BINANCE,BTCUSDT,Exchange.BINANCE,2025-08-31 04:12:00+08:00,Interval.MINUTE,3.56515,0,0,108722.23,108722.23,108692.89,108708.37,BTCUSDT.BINANCE
55,BINANCE,BTCUSDT,Exchange.BINANCE,2025-08-31 04:13:00+08:00,Interval.MINUTE,10.67927,0,0,108708.38,108724.02,108708.38,108724.02,BTCUSDT.BINANCE
56,BINANCE,BTCUSDT,Exchange.BINANCE,2025-08-31 04:14:00+08:00,Interval.MINUTE,0.56264,0,0,108724.02,108730.75,108724.01,108730.75,BTCUSDT.BINANCE
57,BINANCE,BTCUSDT,Exchange.BINANCE,2025-08-31 04:15:00+08:00,Interval.MINUTE,0.84916,0,0,108730.75,108759.82,108730.74,108759.82,BTCUSDT.BINANCE
58,BINANCE,BTCUSDT,Exchange.BINANCE,2025-08-31 04:16:00+08:00,Interval.MINUTE,6.24429,0,0,108759.81,108759.82,108689.96,108703.24,BTCUSDT.BINANCE
59,BINANCE,BTCUSDT,Exchange.BINANCE,2025-08-31 04:17:00+08:00,Interval.MINUTE,1.46962,0,0,108703.25,108751.88,108703.25,108751.87,BTCUSDT.BINANCE
60,BINANCE,BTCUSDT,Exchange.BINANCE,2025-08-31 04:18:00+08:00,Interval.MINUTE,3.24655,0,0,108751.88,108751.88,108724.42,108724.42,BTCUSDT.BINANCE
61,BINANCE,BTCUSDT,Exchange.BINANCE,2025-08-31 04:19:00+08:00,Interval.MINUTE,2.06597,0,0,108724.42,108724.43,108692.22,108692.22,BTCUSDT.BINANCE
62,BINANCE,BTCUSDT,Exchange.BINANCE,2025-08-31 04:20:00+08:00,Interval.MINUTE,5.87636,0,0,108692.21,108698.83,108676.19,108676.2,BTCUSDT.BINANCE
63,BINANCE,BTCUSDT,Exchange.BINANCE,2025-08-31 04:21:00+08:00,Interval.MINUTE,1.56584,0,0,108676.2,108700.0,108676.2,108699.99,BTCUSDT.BINANCE
64,BINANCE,BTCUSDT,Exchange.BINANCE,2025-08-31 04:22:00+08:00,Interval.MINUTE,3.58545,0,0,108699.99,108737.12,108699.99,108737.12,BTCUSDT.BINANCE
65,BINANCE,BTCUSDT,Exchange.BINANCE,2025-08-31 04:23:00+08:00,Interval.MINUTE,0.52613,0,0,108737.12,108760.0,108737.11,108760.0,BTCUSDT.BINANCE
66,BINANCE,BTCUSDT,Exchange.BINANCE,2025-08-31 04:24:00+08:00,Interval.MINUTE,2.86491,0,0,108760.0,108760.0,108737.73,108737.73,BTCUSDT.BINANCE
67,BINANCE,BTCUSDT,Exchange.BINANCE,2025-08-31 04:25:00+08:00,Interval.MINUTE,1.15992,0,0,108737.74,108759.99,108737.73,108759.98,BTCUSDT.BINANCE
68,BINANCE,BTCUSDT,Exchange.BINANCE,2025-08-31 04:26:00+08:00,Interval.MINUTE,0.81873,0,0,108759.99,108759.99,108753.98,108753.98,BTCUSDT.BINANCE
69,BINANCE,BTCUSDT,Exchange.BINANCE,2025-08-31 04:27:00+08:00,Interval.MINUTE,1.68989,0,0,108753.99,108753.99,108739.62,108740.26,BTCUSDT.BINANCE
70,BINANCE,BTCUSDT,Exchange.BINANCE,2025-08-31 04:28:00+08:00,Interval.MINUTE,3.20182,0,0,108740.26,108773.31,108740.25,108773.3,BTCUSDT.BINANCE
71,BINANCE,BTCUSDT,Exchange.BINANCE,2025-08-31 04:29:00+08:00,Interval.MINUTE,0.79557,0,0,108773.3,108773.31,108773.3,108773.31,BTCUSDT.BINANCE
72,BINANCE,BTCUSDT,Exchange.BINANCE,2025-08-31 04:30:00+08:00,Interval.MINUTE,5.36947,0,0,108773.31,108773.31,108756.31,108756.31,BTCUSDT.BINANCE
73,BINANCE,BTCUSDT,Exchange.BINANCE,2025-08-31 04:31:00+08:00,Interval.MINUTE,1.94902,0,0,108756.31,108773.31,108750.0,108773.31,BTCUSDT.BINANCE
74,BINANCE,BTCUSDT,Exchange.BINANCE,2025-08-31 04:32:00+08:00,Interval.MINUTE,12.9794,0,0,108773.3,108773.31,108706.83,108706.84,BTCUSDT.BINANCE
75,BINANCE,BTCUSDT,Exchange.BINANCE,2025-08-31 04:33:00+08:00,Interval.MINUTE,19.48856,0,0,108706.84,108706.84,108682.7,108688.57,BTCUSDT.BINANCE
76,BINANCE,BTCUSDT,Exchange.BINANCE,2025-08-31 04:34:00+08:00,Interval.MINUTE,2.56624,0,0,108688.58,108688.58,108682.58,108682.59,BTCUSDT.BINANCE
77,BINANCE,BTCUSDT,Exchange.BINANCE,2025-08-31 04:35:00+08:00,Interval.MINUTE,8.62195,0,0,108682.58,108682.59,108580.93,108648.32,BTCUSDT.BINANCE
78,BINANCE,BTCUSDT,Exchange.BINANCE,2025-08-31 04:36:00+08:00,Interval.MINUTE,2.461,0,0,108648.32,108665.6,108640.91,108640.92,BTCUSDT.BINANCE
79,BINANCE,BTCUSDT,Exchange.BINANCE,2025-08-31 04:37:00+08:00,Interval.MINUTE,2.66058,0,0,108640.91,108640.92,108625.39,108627.33,BTCUSDT.BINANCE
80,BINANCE,BTCUSDT,Exchange.BINANCE,2025-08-31 04:38:00+08:00,Interval.MINUTE,1.50603,0,0,108627.33,108636.28,108627.33,108636.28,BTCUSDT.BINANCE
81,BINANCE,BTCUSDT,Exchange.BINANCE,2025-08-31 04:39:00+08:00,Interval.MINUTE,3.59915,0,0,108636.28,108638.57,108618.12,108638.56,BTCUSDT.BINANCE
82,BINANCE,BTCUSDT,Exchange.BINANCE,2025-08-31 04:40:00+08:00,Interval.MINUTE,1.93646,0,0,108638.57,108638.57,108638.56,108638.57,BTCUSDT.BINANCE
83,BINANCE,BTCUSDT,Exchange.BINANCE,2025-08-31 04:41:00+08:00,Interval.MINUTE,1.93241,0,0,108638.56,108638.57,108629.45,108629.46,BTCUSDT.BINANCE
84,BINANCE,BTCUSDT,Exchange.BINANCE,2025-08-31 04:42:00+08:00,Interval.MINUTE,2.32063,0,0,108629.46,108629.46,108598.52,108598.53,BTCUSDT.BINANCE
85,BINANCE,BTCUSDT,Exchange.BINANCE,2025-08-31 04:43:00+08:00,Interval.MINUTE,1.79566,0,0,108598.53,108601.1,108598.52,108601.09,BTCUSDT.BINANCE
86,BINANCE,BTCUSDT,Exchange.BINANCE,2025-08-31 04:44:00+08:00,Interval.MINUTE,3.03917,0,0,108601.09,108629.46,108601.09,108629.46,BTCUSDT.BINANCE
87,BINANCE,BTCUSDT,Exchange.BINANCE,2025-08-31 04:45:00+08:00,Interval.MINUTE,1.60939,0,0,108629.46,108629.46,108612.59,108612.6,BTCUSDT.BINANCE
88,BINANCE,BTCUSDT,Exchange.BINANCE,2025-08-31 04:46:00+08:00,Interval.MINUTE,1.00764,0,0,108612.6,108628.0,108612.59,108628.0,BTCUSDT.BINANCE
89,BINANCE,BTCUSDT,Exchange.BINANCE,2025-08-31 04:47:00+08:00,Interval.MINUTE,0.72407,0,0,108628.0,108636.15,108628.0,108636.15,BTCUSDT.BINANCE
90,BINANCE,BTCUSDT,Exchange.BINANCE,2025-08-31 04:48:00+08:00,Interval.MINUTE,0.83154,0,0,108636.15,108636.15,108636.14,108636.14,BTCUSDT.BINANCE
91,BINANCE,BTCUSDT,Exchange.BINANCE,2025-08-31 04:49:00+08:00,Interval.MINUTE,2.63762,0,0,108636.15,108636.15,108612.99,108613.0,BTCUSDT.BINANCE
92,BINANCE,BTCUSDT,Exchange.BINANCE,2025-08-31 04:50:00+08:00,Interval.MINUTE,5.216,0,0,108612.99,108616.37,108598.55,108616.36,BTCUSDT.BINANCE
93,BINANCE,BTCUSDT,Exchange.BINANCE,2025-08-31 04:51:00+08:00,Interval.MINUTE,0.7679,0,0,108616.36,108620.2,108616.36,108620.19,BTCUSDT.BINANCE
94,BINANCE,BTCUSDT,Exchange.BINANCE,2025-08-31 04:52:00+08:00,Interval.MINUTE,0.42597,0,0,108620.2,108635.65,108620.19,108635.65,BTCUSDT.BINANCE
95,BINANCE,BTCUSDT,Exchange.BINANCE,2025-08-31 04:53:00+08:00,Interval.MINUTE,3.23112,0,0,108635.65,108652.86,108635.65,108650.92,BTCUSDT.BINANCE
96,BINANCE,BTCUSDT,Exchange.BINANCE,2025-08-31 04:54:00+08:00,Interval.MINUTE,4.24508,0,0,108650.91,108650.92,108628.83,108628.97,BTCUSDT.BINANCE
97,BINANCE,BTCUSDT,Exchange.BINANCE,2025-08-31 04:55:00+08:00,Interval.MINUTE,0.95948,0,0,108628.97,108628.98,108628.97,108628.97,BTCUSDT.BINANCE
98,BINANCE,BTCUSDT,Exchange.BINANCE,2025-08-31 04:56:00+08:00,Interval.MINUTE,0.31567,0,0,108628.98,108628.98,108628.97,108628.97,BTCUSDT.BINANCE
99,BINANCE,BTCUSDT,Exchange.BINANCE,2025-08-31 04:57:00+08:00,Interval.MINUTE,0.22624,0,0,108628.98,108628.98,108628.97,108628.98,BTCUSDT.BINANCE
100,BINANCE,BTCUSDT,Exchange.BINANCE,2025-08-31 04:58:00+08:00,Interval.MINUTE,0.33572,0,0,108628.97,108628.98,108628.97,108628.98,BTCUSDT.BINANCE
101,BINANCE,BTCUSDT,Exchange.BINANCE,2025-08-31 04:59:00+08:00,Interval.MINUTE,5.29598,0,0,108628.98,108648.0,108628.97,108648.0,BTCUSDT.BINANCE
102,BINANCE,BTCUSDT,Exchange.BINANCE,2025-08-31 05:00:00+08:00,Interval.MINUTE,1.70866,0,0,108648.0,108648.0,108635.64,108635.64,BTCUSDT.BINANCE
103,BINANCE,BTCUSDT,Exchange.BINANCE,2025-08-31 05:01:00+08:00,Interval.MINUTE,2.18718,0,0,108635.65,108662.64,108635.64,108662.64,BTCUSDT.BINANCE
104,BINANCE,BTCUSDT,Exchange.BINANCE,2025-08-31 05:02:00+08:00,Interval.MINUTE,0.76187,0,0,108662.64,108682.81,108662.63,108682.81,BTCUSDT.BINANCE
105,BINANCE,BTCUSDT,Exchange.BINANCE,2025-08-31 05:03:00+08:00,Interval.MINUTE,4.01168,0,0,108682.81,108682.81,108658.87,108665.5,BTCUSDT.BINANCE
106,BINANCE,BTCUSDT,Exchange.BINANCE,2025-08-31 05:04:00+08:00,Interval.MINUTE,2.46572,0,0,108665.51,108665.51,108658.62,108658.62,BTCUSDT.BINANCE
107,BINANCE,BTCUSDT,Exchange.BINANCE,2025-08-31 05:05:00+08:00,Interval.MINUTE,2.93941,0,0,108658.63,108658.63,108646.35,108646.36,BTCUSDT.BINANCE
108,BINANCE,BTCUSDT,Exchange.BINANCE,2025-08-31 05:06:00+08:00,Interval.MINUTE,34.74502,0,0,108646.35,108646.36,108500.0,108500.02,BTCUSDT.BINANCE
109,BINANCE,BTCUSDT,Exchange.BINANCE,2025-08-31 05:07:00+08:00,Interval.MINUTE,4.39578,0,0,108500.01,108580.0,108500.01,108579.99,BTCUSDT.BINANCE
110,BINANCE,BTCUSDT,Exchange.BINANCE,2025-08-31 05:08:00+08:00,Interval.MINUTE,0.3352,0,0,108580.0,108580.0,108579.99,108580.0,BTCUSDT.BINANCE
111,BINANCE,BTCUSDT,Exchange.BINANCE,2025-08-31 05:09:00+08:00,Interval.MINUTE,0.27935,0,0,108580.0,108580.0,108579.99,108580.0,BTCUSDT.BINANCE
112,BINANCE,BTCUSDT,Exchange.BINANCE,2025-08-31 05:10:00+08:00,Interval.MINUTE,0.40664,0,0,108579.99,108580.0,108579.99,108579.99,BTCUSDT.BINANCE
113,BINANCE,BTCUSDT,Exchange.BINANCE,2025-08-31 05:11:00+08:00,Interval.MINUTE,0.43116,0,0,108579.99,108580.0,108579.99,108579.99,BTCUSDT.BINANCE
114,BINANCE,BTCUSDT,Exchange.BINANCE,2025-08-31 05:12:00+08:00,Interval.MINUTE,2.36602,0,0,108579.99,108598.09,108579.99,108598.09,BTCUSDT.BINANCE
115,BINANCE,BTCUSDT,Exchange.BINANCE,2025-08-31 05:13:00+08:00,Interval.MINUTE,5.67491,0,0,108598.09,108598.09,108586.52,108586.52,BTCUSDT.BINANCE
116,BINANCE,BTCUSDT,Exchange.BINANCE,2025-08-31 05:14:00+08:00,Interval.MINUTE,4.83848,0,0,108586.53,108644.0,108586.52,108643.99,BTCUSDT.BINANCE
117,BINANCE,BTCUSDT,Exchange.BINANCE,2025-08-31 05:15:00+08:00,Interval.MINUTE,4.53258,0,0,108644.0,108644.0,108600.0,108600.01,BTCUSDT.BINANCE
118,BINANCE,BTCUSDT,Exchange.BINANCE,2025-08-31 05:16:00+08:00,Interval.MINUTE,1.62977,0,0,108600.01,108629.71,108600.0,108629.71,BTCUSDT.BINANCE
119,BINANCE,BTCUSDT,Exchange.BINANCE,2025-08-31 05:17:00+08:00,Interval.MINUTE,1.91375,0,0,108629.7,108629.7,108592.26,108592.26,BTCUSDT.BINANCE
120,BINANCE,BTCUSDT,Exchange.BINANCE,2025-08-31 05:18:00+08:00,Interval.MINUTE,1.21404,0,0,108592.27,108619.44,108592.26,108619.44,BTCUSDT.BINANCE
121,BINANCE,BTCUSDT,Exchange.BINANCE,2025-08-31 05:19:00+08:00,Interval.MINUTE,2.73171,0,0,108619.44,108632.72,108614.79,108614.8,BTCUSDT.BINANCE
122,BINANCE,BTCUSDT,Exchange.BINANCE,2025-08-31 05:20:00+08:00,Interval.MINUTE,1.28869,0,0,108614.8,108614.8,108600.55,108600.55,BTCUSDT.BINANCE
123,BINANCE,BTCUSDT,Exchange.BINANCE,2025-08-31 05:21:00+08:00,Interval.MINUTE,6.38815,0,0,108600.56,108600.56,108582.23,108597.59,BTCUSDT.BINANCE
124,BINANCE,BTCUSDT,Exchange.BINANCE,2025-08-31 05:22:00+08:00,Interval.MINUTE,1.51944,0,0,108597.59,108623.44,108597.58,108623.43,BTCUSDT.BINANCE
125,BINANCE,BTCUSDT,Exchange.BINANCE,2025-08-31 05:23:00+08:00,Interval.MINUTE,1.2976,0,0,108623.44,108630.49,108623.43,108630.49,BTCUSDT.BINANCE
126,BINANCE,BTCUSDT,Exchange.BINANCE,2025-08-31 05:24:00+08:00,Interval.MINUTE,2.98288,0,0,108630.48,108630.49,108610.14,108610.15,BTCUSDT.BINANCE
127,BINANCE,BTCUSDT,Exchange.BINANCE,2025-08-31 05:25:00+08:00,Interval.MINUTE,1.56581,0,0,108610.15,108622.04,108610.14,108622.04,BTCUSDT.BINANCE
128,BINANCE,BTCUSDT,Exchange.BINANCE,2025-08-31 05:26:00+08:00,Interval.MINUTE,3.72239,0,0,108622.04,108622.04,108613.08,108613.09,BTCUSDT.BINANCE
129,BINANCE,BTCUSDT,Exchange.BINANCE,2025-08-31 05:27:00+08:00,Interval.MINUTE,0.85828,0,0,108613.08,108619.38,108613.08,108619.37,BTCUSDT.BINANCE
130,BINANCE,BTCUSDT,Exchange.BINANCE,2025-08-31 05:28:00+08:00,Interval.MINUTE,0.92323,0,0,108619.37,108619.38,108619.37,108619.37,BTCUSDT.BINANCE
131,BINANCE,BTCUSDT,Exchange.BINANCE,2025-08-31 05:29:00+08:00,Interval.MINUTE,0.49795,0,0,108619.37,108619.38,108619.37,108619.38,BTCUSDT.BINANCE
132,BINANCE,BTCUSDT,Exchange.BINANCE,2025-08-31 05:30:00+08:00,Interval.MINUTE,1.44063,0,0,108619.38,108619.38,108602.16,108602.17,BTCUSDT.BINANCE
133,BINANCE,BTCUSDT,Exchange.BINANCE,2025-08-31 05:31:00+08:00,Interval.MINUTE,1.50582,0,0,108602.16,108602.17,108583.67,108583.68,BTCUSDT.BINANCE
134,BINANCE,BTCUSDT,Exchange.BINANCE,2025-08-31 05:32:00+08:00,Interval.MINUTE,2.23229,0,0,108583.67,108583.68,108541.77,108541.78,BTCUSDT.BINANCE
135,BINANCE,BTCUSDT,Exchange.BINANCE,2025-08-31 05:33:00+08:00,Interval.MINUTE,1.33254,0,0,108541.78,108541.78,108534.96,108534.96,BTCUSDT.BINANCE
136,BINANCE,BTCUSDT,Exchange.BINANCE,2025-08-31 05:34:00+08:00,Interval.MINUTE,0.29963,0,0,108534.97,108534.97,108534.96,108534.96,BTCUSDT.BINANCE
137,BINANCE,BTCUSDT,Exchange.BINANCE,2025-08-31 05:35:00+08:00,Interval.MINUTE,1.95608,0,0,108534.97,108567.86,108534.96,108567.86,BTCUSDT.BINANCE
138,BINANCE,BTCUSDT,Exchange.BINANCE,2025-08-31 05:36:00+08:00,Interval.MINUTE,0.52493,0,0,108567.85,108567.86,108567.85,108567.85,BTCUSDT.BINANCE
139,BINANCE,BTCUSDT,Exchange.BINANCE,2025-08-31 05:37:00+08:00,Interval.MINUTE,0.29366,0,0,108567.85,108567.86,108567.85,108567.86,BTCUSDT.BINANCE
140,BINANCE,BTCUSDT,Exchange.BINANCE,2025-08-31 05:38:00+08:00,Interval.MINUTE,2.3964,0,0,108567.86,108567.86,108567.85,108567.85,BTCUSDT.BINANCE
141,BINANCE,BTCUSDT,Exchange.BINANCE,2025-08-31 05:39:00+08:00,Interval.MINUTE,0.24807,0,0,108567.86,108567.86,108567.85,108567.86,BTCUSDT.BINANCE
142,BINANCE,BTCUSDT,Exchange.BINANCE,2025-08-31 05:40:00+08:00,Interval.MINUTE,3.51465,0,0,108567.85,108567.85,108550.77,108566.29,BTCUSDT.BINANCE
143,BINANCE,BTCUSDT,Exchange.BINANCE,2025-08-31 05:41:00+08:00,Interval.MINUTE,1.09211,0,0,108566.28,108566.29,108566.28,108566.28,BTCUSDT.BINANCE
144,BINANCE,BTCUSDT,Exchange.BINANCE,2025-08-31 05:42:00+08:00,Interval.MINUTE,9.9611,0,0,108566.28,108566.29,108554.82,108555.75,BTCUSDT.BINANCE
145,BINANCE,BTCUSDT,Exchange.BINANCE,2025-08-31 05:43:00+08:00,Interval.MINUTE,2.10354,0,0,108555.74,108561.37,108555.74,108561.37,BTCUSDT.BINANCE
146,BINANCE,BTCUSDT,Exchange.BINANCE,2025-08-31 05:44:00+08:00,Interval.MINUTE,0.69603,0,0,108561.37,108567.86,108561.37,108567.85,BTCUSDT.BINANCE
147,BINANCE,BTCUSDT,Exchange.BINANCE,2025-08-31 05:45:00+08:00,Interval.MINUTE,1.58235,0,0,108567.86,108572.9,108567.85,108572.89,BTCUSDT.BINANCE
148,BINANCE,BTCUSDT,Exchange.BINANCE,2025-08-31 05:46:00+08:00,Interval.MINUTE,0.52721,0,0,108572.89,108580.96,108572.89,108580.96,BTCUSDT.BINANCE
149,BINANCE,BTCUSDT,Exchange.BINANCE,2025-08-31 05:47:00+08:00,Interval.MINUTE,4.55499,0,0,108580.96,108611.12,108548.2,108548.21,BTCUSDT.BINANCE
150,BINANCE,BTCUSDT,Exchange.BINANCE,2025-08-31 05:48:00+08:00,Interval.MINUTE,4.55483,0,0,108548.2,108548.21,108548.0,108548.0,BTCUSDT.BINANCE
151,BINANCE,BTCUSDT,Exchange.BINANCE,2025-08-31 05:49:00+08:00,Interval.MINUTE,0.24069,0,0,108548.01,108548.01,108548.0,108548.01,BTCUSDT.BINANCE
152,BINANCE,BTCUSDT,Exchange.BINANCE,2025-08-31 05:50:00+08:00,Interval.MINUTE,0.42899,0,0,108548.0,108548.01,108548.0,108548.01,BTCUSDT.BINANCE
153,BINANCE,BTCUSDT,Exchange.BINANCE,2025-08-31 05:51:00+08:00,Interval.MINUTE,0.3374,0,0,108548.01,108548.01,108548.0,108548.0,BTCUSDT.BINANCE
154,BINANCE,BTCUSDT,Exchange.BINANCE,2025-08-31 05:52:00+08:00,Interval.MINUTE,1.66369,0,0,108548.0,108548.01,108547.85,108547.85,BTCUSDT.BINANCE
155,BINANCE,BTCUSDT,Exchange.BINANCE,2025-08-31 05:53:00+08:00,Interval.MINUTE,1.83588,0,0,108547.86,108547.86,108546.91,108546.91,BTCUSDT.BINANCE
156,BINANCE,BTCUSDT,Exchange.BINANCE,2025-08-31 05:54:00+08:00,Interval.MINUTE,4.88848,0,0,108546.92,108580.0,108546.91,108579.99,BTCUSDT.BINANCE
157,BINANCE,BTCUSDT,Exchange.BINANCE,2025-08-31 05:55:00+08:00,Interval.MINUTE,0.69622,0,0,108579.99,108591.62,108579.99,108591.62,BTCUSDT.BINANCE
158,BINANCE,BTCUSDT,Exchange.BINANCE,2025-08-31 05:56:00+08:00,Interval.MINUTE,0.91749,0,0,108591.62,108600.0,108591.62,108600.0,BTCUSDT.BINANCE
159,BINANCE,BTCUSDT,Exchange.BINANCE,2025-08-31 05:57:00+08:00,Interval.MINUTE,0.65858,0,0,108599.99,108600.0,108599.99,108600.0,BTCUSDT.BINANCE
160,BINANCE,BTCUSDT,Exchange.BINANCE,2025-08-31 05:58:00+08:00,Interval.MINUTE,0.2901,0,0,108600.0,108600.0,108599.99,108600.0,BTCUSDT.BINANCE
161,BINANCE,BTCUSDT,Exchange.BINANCE,2025-08-31 05:59:00+08:00,Interval.MINUTE,8.73221,0,0,108600.0,108622.14,108580.0,108588.67,BTCUSDT.BINANCE
162,BINANCE,BTCUSDT,Exchange.BINANCE,2025-08-31 06:00:00+08:00,Interval.MINUTE,1.46371,0,0,108588.67,108588.68,108572.52,108572.53,BTCUSDT.BINANCE
163,BINANCE,BTCUSDT,Exchange.BINANCE,2025-08-31 06:01:00+08:00,Interval.MINUTE,0.74935,0,0,108572.53,108572.53,108572.52,108572.52,BTCUSDT.BINANCE
164,BINANCE,BTCUSDT,Exchange.BINANCE,2025-08-31 06:02:00+08:00,Interval.MINUTE,10.44517,0,0,108572.52,108595.9,108550.42,108595.89,BTCUSDT.BINANCE
165,BINANCE,BTCUSDT,Exchange.BINANCE,2025-08-31 06:03:00+08:00,Interval.MINUTE,2.56552,0,0,108595.9,108595.9,108586.86,108586.87,BTCUSDT.BINANCE
166,BINANCE,BTCUSDT,Exchange.BINANCE,2025-08-31 06:04:00+08:00,Interval.MINUTE,9.55407,0,0,108586.86,108586.86,108506.8,108523.15,BTCUSDT.BINANCE
167,BINANCE,BTCUSDT,Exchange.BINANCE,2025-08-31 06:05:00+08:00,Interval.MINUTE,2.33475,0,0,108523.16,108533.11,108522.0,108522.01,BTCUSDT.BINANCE
168,BINANCE,BTCUSDT,Exchange.BINANCE,2025-08-31 06:06:00+08:00,Interval.MINUTE,0.97662,0,0,108522.0,108522.01,108519.47,108519.48,BTCUSDT.BINANCE
169,BINANCE,BTCUSDT,Exchange.BINANCE,2025-08-31 06:07:00+08:00,Interval.MINUTE,2.12782,0,0,108519.48,108519.48,108500.0,108500.01,BTCUSDT.BINANCE
170,BINANCE,BTCUSDT,Exchange.BINANCE,2025-08-31 06:08:00+08:00,Interval.MINUTE,2.48581,0,0,108500.01,108500.01,108494.45,108494.45,BTCUSDT.BINANCE
171,BINANCE,BTCUSDT,Exchange.BINANCE,2025-08-31 06:09:00+08:00,Interval.MINUTE,5.74556,0,0,108494.46,108494.46,108468.77,108494.22,BTCUSDT.BINANCE
172,BINANCE,BTCUSDT,Exchange.BINANCE,2025-08-31 06:10:00+08:00,Interval.MINUTE,0.87034,0,0,108494.22,108494.23,108494.21,108494.22,BTCUSDT.BINANCE
173,BINANCE,BTCUSDT,Exchange.BINANCE,2025-08-31 06:11:00+08:00,Interval.MINUTE,9.23294,0,0,108494.23,108512.09,108494.23,108512.08,BTCUSDT.BINANCE
174,BINANCE,BTCUSDT,Exchange.BINANCE,2025-08-31 06:12:00+08:00,Interval.MINUTE,1.64512,0,0,108512.08,108512.09,108512.08,108512.08,BTCUSDT.BINANCE
175,BINANCE,BTCUSDT,Exchange.BINANCE,2025-08-31 06:13:00+08:00,Interval.MINUTE,0.48048,0,0,108512.08,108512.09,108512.08,108512.08,BTCUSDT.BINANCE
176,BINANCE,BTCUSDT,Exchange.BINANCE,2025-08-31 06:14:00+08:00,Interval.MINUTE,1.23458,0,0,108512.09,108517.28,108512.08,108517.27,BTCUSDT.BINANCE
177,BINANCE,BTCUSDT,Exchange.BINANCE,2025-08-31 06:15:00+08:00,Interval.MINUTE,1.25502,0,0,108517.28,108526.49,108517.27,108526.49,BTCUSDT.BINANCE
178,BINANCE,BTCUSDT,Exchange.BINANCE,2025-08-31 06:16:00+08:00,Interval.MINUTE,1.74989,0,0,108526.49,108540.27,108526.48,108540.27,BTCUSDT.BINANCE
179,BINANCE,BTCUSDT,Exchange.BINANCE,2025-08-31 06:17:00+08:00,Interval.MINUTE,3.09559,0,0,108540.27,108554.38,108540.26,108554.38,BTCUSDT.BINANCE
180,BINANCE,BTCUSDT,Exchange.BINANCE,2025-08-31 06:18:00+08:00,Interval.MINUTE,1.85762,0,0,108554.37,108554.38,108554.37,108554.37,BTCUSDT.BINANCE
181,BINANCE,BTCUSDT,Exchange.BINANCE,2025-08-31 06:19:00+08:00,Interval.MINUTE,6.87794,0,0,108554.38,108554.38,108535.75,108535.75,BTCUSDT.BINANCE
182,BINANCE,BTCUSDT,Exchange.BINANCE,2025-08-31 06:20:00+08:00,Interval.MINUTE,0.99197,0,0,108535.75,108535.76,108535.75,108535.76,BTCUSDT.BINANCE
183,BINANCE,BTCUSDT,Exchange.BINANCE,2025-08-31 06:21:00+08:00,Interval.MINUTE,3.71999,0,0,108535.76,108535.76,108520.0,108520.0,BTCUSDT.BINANCE
184,BINANCE,BTCUSDT,Exchange.BINANCE,2025-08-31 06:22:00+08:00,Interval.MINUTE,0.54756,0,0,108520.01,108520.01,108520.0,108520.0,BTCUSDT.BINANCE
185,BINANCE,BTCUSDT,Exchange.BINANCE,2025-08-31 06:23:00+08:00,Interval.MINUTE,2.01538,0,0,108520.01,108520.01,108512.73,108512.73,BTCUSDT.BINANCE
186,BINANCE,BTCUSDT,Exchange.BINANCE,2025-08-31 06:24:00+08:00,Interval.MINUTE,6.47047,0,0,108512.73,108527.88,108512.73,108527.88,BTCUSDT.BINANCE
187,BINANCE,BTCUSDT,Exchange.BINANCE,2025-08-31 06:25:00+08:00,Interval.MINUTE,0.55161,0,0,108527.88,108541.07,108527.87,108541.06,BTCUSDT.BINANCE
188,BINANCE,BTCUSDT,Exchange.BINANCE,2025-08-31 06:26:00+08:00,Interval.MINUTE,0.16882,0,0,108541.07,108541.07,108541.06,108541.07,BTCUSDT.BINANCE
189,BINANCE,BTCUSDT,Exchange.BINANCE,2025-08-31 06:27:00+08:00,Interval.MINUTE,0.76451,0,0,108541.07,108541.07,108541.06,108541.06,BTCUSDT.BINANCE
190,BINANCE,BTCUSDT,Exchange.BINANCE,2025-08-31 06:28:00+08:00,Interval.MINUTE,1.33888,0,0,108541.06,108551.59,108541.06,108551.59,BTCUSDT.BINANCE
191,BINANCE,BTCUSDT,Exchange.BINANCE,2025-08-31 06:29:00+08:00,Interval.MINUTE,0.54751,0,0,108551.58,108551.59,108551.58,108551.59,BTCUSDT.BINANCE
192,BINANCE,BTCUSDT,Exchange.BINANCE,2025-08-31 06:30:00+08:00,Interval.MINUTE,1.16544,0,0,108551.59,108551.59,108551.58,108551.59,BTCUSDT.BINANCE
193,BINANCE,BTCUSDT,Exchange.BINANCE,2025-08-31 06:31:00+08:00,Interval.MINUTE,6.56417,0,0,108551.59,108551.59,108524.72,108524.72,BTCUSDT.BINANCE
194,BINANCE,BTCUSDT,Exchange.BINANCE,2025-08-31 06:32:00+08:00,Interval.MINUTE,2.65738,0,0,108524.73,108524.73,108509.88,108509.89,BTCUSDT.BINANCE
195,BINANCE,BTCUSDT,Exchange.BINANCE,2025-08-31 06:33:00+08:00,Interval.MINUTE,0.87004,0,0,108509.88,108509.89,108509.88,108509.89,BTCUSDT.BINANCE
196,BINANCE,BTCUSDT,Exchange.BINANCE,2025-08-31 06:34:00+08:00,Interval.MINUTE,0.4897,0,0,108509.89,108509.89,108509.88,108509.88,BTCUSDT.BINANCE
197,BINANCE,BTCUSDT,Exchange.BINANCE,2025-08-31 06:35:00+08:00,Interval.MINUTE,0.18729,0,0,108509.88,108509.89,108509.88,108509.89,BTCUSDT.BINANCE
198,BINANCE,BTCUSDT,Exchange.BINANCE,2025-08-31 06:36:00+08:00,Interval.MINUTE,5.1551,0,0,108509.89,108519.19,108509.88,108519.19,BTCUSDT.BINANCE
199,BINANCE,BTCUSDT,Exchange.BINANCE,2025-08-31 06:37:00+08:00,Interval.MINUTE,1.45036,0,0,108519.19,108553.55,108519.19,108553.55,BTCUSDT.BINANCE
200,BINANCE,BTCUSDT,Exchange.BINANCE,2025-08-31 06:38:00+08:00,Interval.MINUTE,0.47448,0,0,108553.55,108553.55,108553.54,108553.54,BTCUSDT.BINANCE
201,BINANCE,BTCUSDT,Exchange.BINANCE,2025-08-31 06:39:00+08:00,Interval.MINUTE,0.27371,0,0,108553.54,108553.55,108553.54,108553.54,BTCUSDT.BINANCE
202,BINANCE,BTCUSDT,Exchange.BINANCE,2025-08-31 06:40:00+08:00,Interval.MINUTE,1.72662,0,0,108553.55,108562.79,108553.54,108562.79,BTCUSDT.BINANCE
203,BINANCE,BTCUSDT,Exchange.BINANCE,2025-08-31 06:41:00+08:00,Interval.MINUTE,0.64065,0,0,108562.79,108567.88,108562.78,108567.88,BTCUSDT.BINANCE
204,BINANCE,BTCUSDT,Exchange.BINANCE,2025-08-31 06:42:00+08:00,Interval.MINUTE,0.32129,0,0,108567.88,108567.88,108567.87,108567.88,BTCUSDT.BINANCE
205,BINANCE,BTCUSDT,Exchange.BINANCE,2025-08-31 06:43:00+08:00,Interval.MINUTE,0.24993,0,0,108567.88,108567.88,108567.87,108567.87,BTCUSDT.BINANCE
206,BINANCE,BTCUSDT,Exchange.BINANCE,2025-08-31 06:44:00+08:00,Interval.MINUTE,0.20969,0,0,108567.88,108567.88,108567.87,108567.88,BTCUSDT.BINANCE
207,BINANCE,BTCUSDT,Exchange.BINANCE,2025-08-31 06:45:00+08:00,Interval.MINUTE,4.27892,0,0,108567.88,108567.88,108552.0,108552.0,BTCUSDT.BINANCE
208,BINANCE,BTCUSDT,Exchange.BINANCE,2025-08-31 06:46:00+08:00,Interval.MINUTE,2.9381,0,0,108552.01,108559.53,108552.0,108559.53,BTCUSDT.BINANCE
209,BINANCE,BTCUSDT,Exchange.BINANCE,2025-08-31 06:47:00+08:00,Interval.MINUTE,2.15333,0,0,108559.52,108559.53,108559.52,108559.52,BTCUSDT.BINANCE
210,BINANCE,BTCUSDT,Exchange.BINANCE,2025-08-31 06:48:00+08:00,Interval.MINUTE,2.61264,0,0,108559.53,108559.53,108543.72,108543.72,BTCUSDT.BINANCE
211,BINANCE,BTCUSDT,Exchange.BINANCE,2025-08-31 06:49:00+08:00,Interval.MINUTE,2.73311,0,0,108543.72,108543.73,108531.13,108531.13,BTCUSDT.BINANCE
212,BINANCE,BTCUSDT,Exchange.BINANCE,2025-08-31 06:50:00+08:00,Interval.MINUTE,2.08708,0,0,108531.13,108538.17,108531.13,108538.17,BTCUSDT.BINANCE
213,BINANCE,BTCUSDT,Exchange.BINANCE,2025-08-31 06:51:00+08:00,Interval.MINUTE,2.21579,0,0,108538.17,108538.17,108538.16,108538.17,BTCUSDT.BINANCE
214,BINANCE,BTCUSDT,Exchange.BINANCE,2025-08-31 06:52:00+08:00,Interval.MINUTE,2.85223,0,0,108538.17,108538.17,108538.16,108538.17,BTCUSDT.BINANCE
215,BINANCE,BTCUSDT,Exchange.BINANCE,2025-08-31 06:53:00+08:00,Interval.MINUTE,4.0464,0,0,108538.17,108564.71,108538.17,108564.71,BTCUSDT.BINANCE
216,BINANCE,BTCUSDT,Exchange.BINANCE,2025-08-31 06:54:00+08:00,Interval.MINUTE,2.34998,0,0,108564.7,108564.71,108546.12,108546.12,BTCUSDT.BINANCE
217,BINANCE,BTCUSDT,Exchange.BINANCE,2025-08-31 06:55:00+08:00,Interval.MINUTE,1.17478,0,0,108546.12,108546.13,108546.12,108546.13,BTCUSDT.BINANCE
218,BINANCE,BTCUSDT,Exchange.BINANCE,2025-08-31 06:56:00+08:00,Interval.MINUTE,2.20331,0,0,108546.12,108546.13,108531.13,108531.13,BTCUSDT.BINANCE
219,BINANCE,BTCUSDT,Exchange.BINANCE,2025-08-31 06:57:00+08:00,Interval.MINUTE,2.00479,0,0,108531.14,108531.14,108531.13,108531.14,BTCUSDT.BINANCE
220,BINANCE,BTCUSDT,Exchange.BINANCE,2025-08-31 06:58:00+08:00,Interval.MINUTE,11.34806,0,0,108531.14,108531.14,108531.13,108531.13,BTCUSDT.BINANCE
221,BINANCE,BTCUSDT,Exchange.BINANCE,2025-08-31 06:59:00+08:00,Interval.MINUTE,8.07424,0,0,108531.14,108531.14,108531.12,108531.12,BTCUSDT.BINANCE
222,BINANCE,BTCUSDT,Exchange.BINANCE,2025-08-31 07:00:00+08:00,Interval.MINUTE,2.46416,0,0,108531.13,108531.13,108530.15,108530.16,BTCUSDT.BINANCE
223,BINANCE,BTCUSDT,Exchange.BINANCE,2025-08-31 07:01:00+08:00,Interval.MINUTE,5.20759,0,0,108530.16,108565.56,108530.15,108565.56,BTCUSDT.BINANCE
224,BINANCE,BTCUSDT,Exchange.BINANCE,2025-08-31 07:02:00+08:00,Interval.MINUTE,3.3073,0,0,108565.56,108594.78,108565.55,108594.78,BTCUSDT.BINANCE
225,BINANCE,BTCUSDT,Exchange.BINANCE,2025-08-31 07:03:00+08:00,Interval.MINUTE,7.5022,0,0,108594.78,108613.28,108594.78,108613.12,BTCUSDT.BINANCE
226,BINANCE,BTCUSDT,Exchange.BINANCE,2025-08-31 07:04:00+08:00,Interval.MINUTE,4.50249,0,0,108613.12,108613.12,108600.0,108600.01,BTCUSDT.BINANCE
227,BINANCE,BTCUSDT,Exchange.BINANCE,2025-08-31 07:05:00+08:00,Interval.MINUTE,4.67618,0,0,108600.0,108600.01,108582.0,108587.99,BTCUSDT.BINANCE
228,BINANCE,BTCUSDT,Exchange.BINANCE,2025-08-31 07:06:00+08:00,Interval.MINUTE,1.78596,0,0,108588.0,108588.0,108587.99,108587.99,BTCUSDT.BINANCE
229,BINANCE,BTCUSDT,Exchange.BINANCE,2025-08-31 07:07:00+08:00,Interval.MINUTE,2.92699,0,0,108588.0,108588.0,108587.99,108588.0,BTCUSDT.BINANCE
230,BINANCE,BTCUSDT,Exchange.BINANCE,2025-08-31 07:08:00+08:00,Interval.MINUTE,3.32428,0,0,108587.99,108588.0,108587.99,108587.99,BTCUSDT.BINANCE
231,BINANCE,BTCUSDT,Exchange.BINANCE,2025-08-31 07:09:00+08:00,Interval.MINUTE,2.09092,0,0,108587.99,108588.0,108587.99,108587.99,BTCUSDT.BINANCE
232,BINANCE,BTCUSDT,Exchange.BINANCE,2025-08-31 07:10:00+08:00,Interval.MINUTE,1.51227,0,0,108588.0,108588.0,108587.99,108588.0,BTCUSDT.BINANCE
233,BINANCE,BTCUSDT,Exchange.BINANCE,2025-08-31 07:11:00+08:00,Interval.MINUTE,3.90447,0,0,108588.0,108619.47,108587.99,108619.47,BTCUSDT.BINANCE
234,BINANCE,BTCUSDT,Exchange.BINANCE,2025-08-31 07:12:00+08:00,Interval.MINUTE,7.63189,0,0,108619.47,108635.65,108619.46,108627.65,BTCUSDT.BINANCE
235,BINANCE,BTCUSDT,Exchange.BINANCE,2025-08-31 07:13:00+08:00,Interval.MINUTE,4.40792,0,0,108627.66,108627.66,108608.66,108608.67,BTCUSDT.BINANCE
236,BINANCE,BTCUSDT,Exchange.BINANCE,2025-08-31 07:14:00+08:00,Interval.MINUTE,7.2137,0,0,108608.67,108611.03,108608.66,108611.02,BTCUSDT.BINANCE
237,BINANCE,BTCUSDT,Exchange.BINANCE,2025-08-31 07:15:00+08:00,Interval.MINUTE,3.01344,0,0,108611.03,108626.51,108611.03,108626.51,BTCUSDT.BINANCE
238,BINANCE,BTCUSDT,Exchange.BINANCE,2025-08-31 07:16:00+08:00,Interval.MINUTE,3.61139,0,0,108626.51,108653.04,108626.5,108651.51,BTCUSDT.BINANCE
239,BINANCE,BTCUSDT,Exchange.BINANCE,2025-08-31 07:17:00+08:00,Interval.MINUTE,3.29533,0,0,108651.5,108651.51,108651.5,108651.5,BTCUSDT.BINANCE
240,BINANCE,BTCUSDT,Exchange.BINANCE,2025-08-31 07:18:00+08:00,Interval.MINUTE,2.17376,0,0,108651.51,108651.51,108651.5,108651.51,BTCUSDT.BINANCE
241,BINANCE,BTCUSDT,Exchange.BINANCE,2025-08-31 07:19:00+08:00,Interval.MINUTE,5.61441,0,0,108651.51,108651.51,108614.77,108614.78,BTCUSDT.BINANCE
242,BINANCE,BTCUSDT,Exchange.BINANCE,2025-08-31 07:20:00+08:00,Interval.MINUTE,3.2398,0,0,108614.78,108614.78,108614.77,108614.77,BTCUSDT.BINANCE
243,BINANCE,BTCUSDT,Exchange.BINANCE,2025-08-31 07:21:00+08:00,Interval.MINUTE,6.3251,0,0,108614.78,108632.83,108614.77,108632.82,BTCUSDT.BINANCE
244,BINANCE,BTCUSDT,Exchange.BINANCE,2025-08-31 07:22:00+08:00,Interval.MINUTE,3.6218,0,0,108632.83,108632.83,108632.82,108632.82,BTCUSDT.BINANCE
245,BINANCE,BTCUSDT,Exchange.BINANCE,2025-08-31 07:23:00+08:00,Interval.MINUTE,5.62927,0,0,108632.83,108632.83,108608.64,108608.64,BTCUSDT.BINANCE
246,BINANCE,BTCUSDT,Exchange.BINANCE,2025-08-31 07:24:00+08:00,Interval.MINUTE,3.64669,0,0,108608.64,108629.51,108608.64,108629.51,BTCUSDT.BINANCE
247,BINANCE,BTCUSDT,Exchange.BINANCE,2025-08-31 07:25:00+08:00,Interval.MINUTE,4.16486,0,0,108629.51,108654.47,108629.51,108654.47,BTCUSDT.BINANCE
248,BINANCE,BTCUSDT,Exchange.BINANCE,2025-08-31 07:26:00+08:00,Interval.MINUTE,5.03398,0,0,108654.47,108690.49,108654.46,108690.49,BTCUSDT.BINANCE
249,BINANCE,BTCUSDT,Exchange.BINANCE,2025-08-31 07:27:00+08:00,Interval.MINUTE,4.25365,0,0,108690.48,108700.0,108690.48,108699.99,BTCUSDT.BINANCE
250,BINANCE,BTCUSDT,Exchange.BINANCE,2025-08-31 07:28:00+08:00,Interval.MINUTE,10.89478,0,0,108700.0,108730.99,108699.99,108728.01,BTCUSDT.BINANCE
251,BINANCE,BTCUSDT,Exchange.BINANCE,2025-08-31 07:29:00+08:00,Interval.MINUTE,7.45637,0,0,108728.0,108728.0,108700.0,108700.01,BTCUSDT.BINANCE
252,BINANCE,BTCUSDT,Exchange.BINANCE,2025-08-31 07:30:00+08:00,Interval.MINUTE,12.41929,0,0,108700.01,108709.2,108685.17,108685.17,BTCUSDT.BINANCE
253,BINANCE,BTCUSDT,Exchange.BINANCE,2025-08-31 07:31:00+08:00,Interval.MINUTE,4.93892,0,0,108685.17,108685.18,108669.23,108669.24,BTCUSDT.BINANCE
254,BINANCE,BTCUSDT,Exchange.BINANCE,2025-08-31 07:32:00+08:00,Interval.MINUTE,5.49566,0,0,108669.24,108678.0,108656.97,108678.0,BTCUSDT.BINANCE
255,BINANCE,BTCUSDT,Exchange.BINANCE,2025-08-31 07:33:00+08:00,Interval.MINUTE,5.10499,0,0,108678.0,108699.81,108677.99,108699.8,BTCUSDT.BINANCE
256,BINANCE,BTCUSDT,Exchange.BINANCE,2025-08-31 07:34:00+08:00,Interval.MINUTE,3.87585,0,0,108699.8,108699.81,108699.8,108699.81,BTCUSDT.BINANCE
257,BINANCE,BTCUSDT,Exchange.BINANCE,2025-08-31 07:35:00+08:00,Interval.MINUTE,4.93217,0,0,108699.81,108699.81,108690.48,108690.49,BTCUSDT.BINANCE
258,BINANCE,BTCUSDT,Exchange.BINANCE,2025-08-31 07:36:00+08:00,Interval.MINUTE,2.66377,0,0,108690.49,108690.49,108690.48,108690.49,BTCUSDT.BINANCE
259,BINANCE,BTCUSDT,Exchange.BINANCE,2025-08-31 07:37:00+08:00,Interval.MINUTE,5.66464,0,0,108690.49,108729.77,108690.48,108729.77,BTCUSDT.BINANCE
260,BINANCE,BTCUSDT,Exchange.BINANCE,2025-08-31 07:38:00+08:00,Interval.MINUTE,6.02761,0,0,108729.76,108734.43,108718.57,108718.58,BTCUSDT.BINANCE
261,BINANCE,BTCUSDT,Exchange.BINANCE,2025-08-31 07:39:00+08:00,Interval.MINUTE,3.46328,0,0,108718.58,108731.99,108718.57,108731.99,BTCUSDT.BINANCE
262,BINANCE,BTCUSDT,Exchange.BINANCE,2025-08-31 07:40:00+08:00,Interval.MINUTE,11.40224,0,0,108731.99,108752.0,108731.98,108734.47,BTCUSDT.BINANCE
263,BINANCE,BTCUSDT,Exchange.BINANCE,2025-08-31 07:41:00+08:00,Interval.MINUTE,5.90928,0,0,108734.48,108734.48,108725.67,108731.12,BTCUSDT.BINANCE
264,BINANCE,BTCUSDT,Exchange.BINANCE,2025-08-31 07:42:00+08:00,Interval.MINUTE,5.11998,0,0,108731.12,108751.76,108731.11,108751.75,BTCUSDT.BINANCE
265,BINANCE,BTCUSDT,Exchange.BINANCE,2025-08-31 07:43:00+08:00,Interval.MINUTE,10.91928,0,0,108751.76,108788.0,108751.76,108788.0,BTCUSDT.BINANCE
266,BINANCE,BTCUSDT,Exchange.BINANCE,2025-08-31 07:44:00+08:00,Interval.MINUTE,2.22484,0,0,108788.0,108788.0,108784.63,108784.64,BTCUSDT.BINANCE
267,BINANCE,BTCUSDT,Exchange.BINANCE,2025-08-31 07:45:00+08:00,Interval.MINUTE,6.34274,0,0,108784.63,108784.64,108758.84,108758.85,BTCUSDT.BINANCE
268,BINANCE,BTCUSDT,Exchange.BINANCE,2025-08-31 07:46:00+08:00,Interval.MINUTE,2.7278,0,0,108758.84,108758.85,108758.84,108758.85,BTCUSDT.BINANCE
269,BINANCE,BTCUSDT,Exchange.BINANCE,2025-08-31 07:47:00+08:00,Interval.MINUTE,4.73343,0,0,108758.84,108758.85,108746.43,108746.43,BTCUSDT.BINANCE
270,BINANCE,BTCUSDT,Exchange.BINANCE,2025-08-31 07:48:00+08:00,Interval.MINUTE,4.18906,0,0,108746.43,108782.95,108746.43,108782.94,BTCUSDT.BINANCE
271,BINANCE,BTCUSDT,Exchange.BINANCE,2025-08-31 07:49:00+08:00,Interval.MINUTE,2.96272,0,0,108782.95,108786.63,108782.94,108786.62,BTCUSDT.BINANCE
272,BINANCE,BTCUSDT,Exchange.BINANCE,2025-08-31 07:50:00+08:00,Interval.MINUTE,6.65129,0,0,108786.62,108786.63,108767.0,108767.01,BTCUSDT.BINANCE
273,BINANCE,BTCUSDT,Exchange.BINANCE,2025-08-31 07:51:00+08:00,Interval.MINUTE,3.9345,0,0,108767.0,108767.01,108767.0,108767.01,BTCUSDT.BINANCE
274,BINANCE,BTCUSDT,Exchange.BINANCE,2025-08-31 07:52:00+08:00,Interval.MINUTE,3.44391,0,0,108767.01,108786.0,108767.0,108785.99,BTCUSDT.BINANCE
275,BINANCE,BTCUSDT,Exchange.BINANCE,2025-08-31 07:53:00+08:00,Interval.MINUTE,2.48165,0,0,108785.99,108788.0,108785.99,108788.0,BTCUSDT.BINANCE
276,BINANCE,BTCUSDT,Exchange.BINANCE,2025-08-31 07:54:00+08:00,Interval.MINUTE,5.47436,0,0,108787.99,108788.0,108770.19,108770.2,BTCUSDT.BINANCE
277,BINANCE,BTCUSDT,Exchange.BINANCE,2025-08-31 07:55:00+08:00,Interval.MINUTE,13.47259,0,0,108770.19,108807.01,108770.19,108807.01,BTCUSDT.BINANCE
278,BINANCE,BTCUSDT,Exchange.BINANCE,2025-08-31 07:56:00+08:00,Interval.MINUTE,3.85324,0,0,108807.01,108813.56,108807.01,108813.55,BTCUSDT.BINANCE
279,BINANCE,BTCUSDT,Exchange.BINANCE,2025-08-31 07:57:00+08:00,Interval.MINUTE,0.26426,0,0,108813.56,108813.56,108813.55,108813.56,BTCUSDT.BINANCE
280,BINANCE,BTCUSDT,Exchange.BINANCE,2025-08-31 07:58:00+08:00,Interval.MINUTE,1.32607,0,0,108813.56,108813.56,108813.55,108813.56,BTCUSDT.BINANCE
281,BINANCE,BTCUSDT,Exchange.BINANCE,2025-08-31 07:59:00+08:00,Interval.MINUTE,0.44715,0,0,108813.55,108816.34,108813.55,108816.33,BTCUSDT.BINANCE
282,BINANCE,BTCUSDT,Exchange.BINANCE,2025-08-31 08:00:00+08:00,Interval.MINUTE,6.92618,0,0,108816.33,108850.0,108816.33,108816.35,BTCUSDT.BINANCE
283,BINANCE,BTCUSDT,Exchange.BINANCE,2025-08-31 08:01:00+08:00,Interval.MINUTE,2.7886,0,0,108816.36,108846.52,108816.35,108846.52,BTCUSDT.BINANCE
284,BINANCE,BTCUSDT,Exchange.BINANCE,2025-08-31 08:02:00+08:00,Interval.MINUTE,2.80534,0,0,108846.52,108867.2,108846.51,108867.2,BTCUSDT.BINANCE
285,BINANCE,BTCUSDT,Exchange.BINANCE,2025-08-31 08:03:00+08:00,Interval.MINUTE,26.07995,0,0,108867.2,108867.2,108838.4,108851.71,BTCUSDT.BINANCE
286,BINANCE,BTCUSDT,Exchange.BINANCE,2025-08-31 08:04:00+08:00,Interval.MINUTE,73.22417,0,0,108852.0,108863.64,108801.35,108801.35,BTCUSDT.BINANCE
287,BINANCE,BTCUSDT,Exchange.BINANCE,2025-08-31 08:05:00+08:00,Interval.MINUTE,46.75184,0,0,108801.35,108831.93,108801.35,108822.05,BTCUSDT.BINANCE
288,BINANCE,BTCUSDT,Exchange.BINANCE,2025-08-31 08:06:00+08:00,Interval.MINUTE,22.8591,0,0,108822.05,108843.9,108808.61,108843.9,BTCUSDT.BINANCE
289,BINANCE,BTCUSDT,Exchange.BINANCE,2025-08-31 08:07:00+08:00,Interval.MINUTE,5.77838,0,0,108843.9,108857.49,108843.89,108857.48,BTCUSDT.BINANCE
290,BINANCE,BTCUSDT,Exchange.BINANCE,2025-08-31 08:08:00+08:00,Interval.MINUTE,1.00873,0,0,108857.49,108857.49,108857.48,108857.49,BTCUSDT.BINANCE
291,BINANCE,BTCUSDT,Exchange.BINANCE,2025-08-31 08:09:00+08:00,Interval.MINUTE,1.54234,0,0,108857.49,108857.49,108846.91,108846.91,BTCUSDT.BINANCE
292,BINANCE,BTCUSDT,Exchange.BINANCE,2025-08-31 08:10:00+08:00,Interval.MINUTE,7.4006,0,0,108846.92,108868.37,108846.91,108868.37,BTCUSDT.BINANCE
293,BINANCE,BTCUSDT,Exchange.BINANCE,2025-08-31 08:11:00+08:00,Interval.MINUTE,1.19397,0,0,108868.37,108868.37,108868.36,108868.37,BTCUSDT.BINANCE
294,BINANCE,BTCUSDT,Exchange.BINANCE,2025-08-31 08:12:00+08:00,Interval.MINUTE,6.63875,0,0,108868.37,108868.37,108846.92,108846.93,BTCUSDT.BINANCE
295,BINANCE,BTCUSDT,Exchange.BINANCE,2025-08-31 08:13:00+08:00,Interval.MINUTE,6.02407,0,0,108846.93,108846.93,108803.21,108803.22,BTCUSDT.BINANCE
296,BINANCE,BTCUSDT,Exchange.BINANCE,2025-08-31 08:14:00+08:00,Interval.MINUTE,2.8437,0,0,108803.21,108829.73,108803.21,108829.73,BTCUSDT.BINANCE
297,BINANCE,BTCUSDT,Exchange.BINANCE,2025-08-31 08:15:00+08:00,Interval.MINUTE,2.83262,0,0,108829.73,108852.07,108829.72,108844.66,BTCUSDT.BINANCE
298,BINANCE,BTCUSDT,Exchange.BINANCE,2025-08-31 08:16:00+08:00,Interval.MINUTE,3.23891,0,0,108844.66,108854.6,108820.69,108854.6,BTCUSDT.BINANCE
299,BINANCE,BTCUSDT,Exchange.BINANCE,2025-08-31 08:17:00+08:00,Interval.MINUTE,1.0593,0,0,108854.6,108854.6,108844.66,108844.67,BTCUSDT.BINANCE
300,BINANCE,BTCUSDT,Exchange.BINANCE,2025-08-31 08:18:00+08:00,Interval.MINUTE,1.59878,0,0,108844.66,108854.6,108844.66,108854.6,BTCUSDT.BINANCE
301,BINANCE,BTCUSDT,Exchange.BINANCE,2025-08-31 08:19:00+08:00,Interval.MINUTE,2.10721,0,0,108854.59,108854.6,108820.69,108820.7,BTCUSDT.BINANCE
302,BINANCE,BTCUSDT,Exchange.BINANCE,2025-08-31 08:20:00+08:00,Interval.MINUTE,2.00075,0,0,108820.69,108846.16,108820.69,108846.16,BTCUSDT.BINANCE
303,BINANCE,BTCUSDT,Exchange.BINANCE,2025-08-31 08:21:00+08:00,Interval.MINUTE,2.09591,0,0,108846.16,108865.69,108846.15,108865.69,BTCUSDT.BINANCE
304,BINANCE,BTCUSDT,Exchange.BINANCE,2025-08-31 08:22:00+08:00,Interval.MINUTE,0.98127,0,0,108865.69,108872.59,108865.69,108872.59,BTCUSDT.BINANCE
305,BINANCE,BTCUSDT,Exchange.BINANCE,2025-08-31 08:23:00+08:00,Interval.MINUTE,1.8112,0,0,108872.59,108872.59,108866.54,108866.54,BTCUSDT.BINANCE
306,BINANCE,BTCUSDT,Exchange.BINANCE,2025-08-31 08:24:00+08:00,Interval.MINUTE,2.73115,0,0,108866.55,108866.55,108835.0,108835.0,BTCUSDT.BINANCE
307,BINANCE,BTCUSDT,Exchange.BINANCE,2025-08-31 08:25:00+08:00,Interval.MINUTE,3.66608,0,0,108835.01,108835.01,108804.93,108804.94,BTCUSDT.BINANCE
308,BINANCE,BTCUSDT,Exchange.BINANCE,2025-08-31 08:26:00+08:00,Interval.MINUTE,4.23708,0,0,108804.94,108839.28,108804.93,108839.27,BTCUSDT.BINANCE
309,BINANCE,BTCUSDT,Exchange.BINANCE,2025-08-31 08:27:00+08:00,Interval.MINUTE,4.16746,0,0,108839.28,108862.69,108839.28,108854.57,BTCUSDT.BINANCE
310,BINANCE,BTCUSDT,Exchange.BINANCE,2025-08-31 08:28:00+08:00,Interval.MINUTE,5.34909,0,0,108854.58,108883.01,108854.57,108883.0,BTCUSDT.BINANCE
311,BINANCE,BTCUSDT,Exchange.BINANCE,2025-08-31 08:29:00+08:00,Interval.MINUTE,4.17897,0,0,108883.0,108883.0,108870.0,108880.89,BTCUSDT.BINANCE
312,BINANCE,BTCUSDT,Exchange.BINANCE,2025-08-31 08:30:00+08:00,Interval.MINUTE,4.99276,0,0,108880.9,108906.66,108880.89,108906.65,BTCUSDT.BINANCE
313,BINANCE,BTCUSDT,Exchange.BINANCE,2025-08-31 08:31:00+08:00,Interval.MINUTE,4.71637,0,0,108906.64,108906.65,108890.6,108890.61,BTCUSDT.BINANCE
314,BINANCE,BTCUSDT,Exchange.BINANCE,2025-08-31 08:32:00+08:00,Interval.MINUTE,10.8617,0,0,108890.6,108932.77,108876.96,108898.17,BTCUSDT.BINANCE
315,BINANCE,BTCUSDT,Exchange.BINANCE,2025-08-31 08:33:00+08:00,Interval.MINUTE,13.82835,0,0,108898.16,108941.73,108886.54,108941.72,BTCUSDT.BINANCE
316,BINANCE,BTCUSDT,Exchange.BINANCE,2025-08-31 08:34:00+08:00,Interval.MINUTE,17.39842,0,0,108941.73,108969.38,108918.91,108969.38,BTCUSDT.BINANCE
317,BINANCE,BTCUSDT,Exchange.BINANCE,2025-08-31 08:35:00+08:00,Interval.MINUTE,3.54488,0,0,108969.38,108969.38,108926.45,108956.19,BTCUSDT.BINANCE
318,BINANCE,BTCUSDT,Exchange.BINANCE,2025-08-31 08:36:00+08:00,Interval.MINUTE,2.91677,0,0,108956.19,108980.28,108956.18,108962.01,BTCUSDT.BINANCE
319,BINANCE,BTCUSDT,Exchange.BINANCE,2025-08-31 08:37:00+08:00,Interval.MINUTE,1.73775,0,0,108962.01,108980.75,108962.01,108980.74,BTCUSDT.BINANCE
320,BINANCE,BTCUSDT,Exchange.BINANCE,2025-08-31 08:38:00+08:00,Interval.MINUTE,6.73559,0,0,108980.75,109000.0,108980.74,109000.0,BTCUSDT.BINANCE
321,BINANCE,BTCUSDT,Exchange.BINANCE,2025-08-31 08:39:00+08:00,Interval.MINUTE,14.01162,0,0,109000.0,109009.0,108999.99,109008.99,BTCUSDT.BINANCE
322,BINANCE,BTCUSDT,Exchange.BINANCE,2025-08-31 08:40:00+08:00,Interval.MINUTE,13.91038,0,0,109008.99,109009.5,108991.25,109009.5,BTCUSDT.BINANCE
323,BINANCE,BTCUSDT,Exchange.BINANCE,2025-08-31 08:41:00+08:00,Interval.MINUTE,14.22909,0,0,109009.51,109016.36,108979.1,109016.36,BTCUSDT.BINANCE
324,BINANCE,BTCUSDT,Exchange.BINANCE,2025-08-31 08:42:00+08:00,Interval.MINUTE,22.0511,0,0,109016.35,109144.63,109016.35,109144.62,BTCUSDT.BINANCE
325,BINANCE,BTCUSDT,Exchange.BINANCE,2025-08-31 08:43:00+08:00,Interval.MINUTE,14.75587,0,0,109144.63,109144.63,109080.0,109144.63,BTCUSDT.BINANCE
326,BINANCE,BTCUSDT,Exchange.BINANCE,2025-08-31 08:44:00+08:00,Interval.MINUTE,57.40268,0,0,109144.63,109227.99,109144.62,109206.02,BTCUSDT.BINANCE
327,BINANCE,BTCUSDT,Exchange.BINANCE,2025-08-31 08:45:00+08:00,Interval.MINUTE,17.56203,0,0,109206.01,109221.21,109150.01,109221.21,BTCUSDT.BINANCE
328,BINANCE,BTCUSDT,Exchange.BINANCE,2025-08-31 08:46:00+08:00,Interval.MINUTE,12.02535,0,0,109221.21,109259.93,109221.2,109259.92,BTCUSDT.BINANCE
329,BINANCE,BTCUSDT,Exchange.BINANCE,2025-08-31 08:47:00+08:00,Interval.MINUTE,28.99522,0,0,109259.92,109313.51,109259.92,109290.71,BTCUSDT.BINANCE
330,BINANCE,BTCUSDT,Exchange.BINANCE,2025-08-31 08:48:00+08:00,Interval.MINUTE,50.24285,0,0,109290.72,109381.53,109286.01,109287.96,BTCUSDT.BINANCE
331,BINANCE,BTCUSDT,Exchange.BINANCE,2025-08-31 08:49:00+08:00,Interval.MINUTE,33.72855,0,0,109287.95,109287.96,109180.0,109206.27,BTCUSDT.BINANCE
332,BINANCE,BTCUSDT,Exchange.BINANCE,2025-08-31 08:50:00+08:00,Interval.MINUTE,30.767,0,0,109206.27,109217.08,109171.4,109209.47,BTCUSDT.BINANCE
333,BINANCE,BTCUSDT,Exchange.BINANCE,2025-08-31 08:51:00+08:00,Interval.MINUTE,19.26599,0,0,109209.46,109209.47,109141.84,109142.6,BTCUSDT.BINANCE
334,BINANCE,BTCUSDT,Exchange.BINANCE,2025-08-31 08:52:00+08:00,Interval.MINUTE,10.19349,0,0,109142.61,109282.02,109142.61,109274.41,BTCUSDT.BINANCE
335,BINANCE,BTCUSDT,Exchange.BINANCE,2025-08-31 08:53:00+08:00,Interval.MINUTE,15.80637,0,0,109274.4,109274.4,109217.09,109243.79,BTCUSDT.BINANCE
336,BINANCE,BTCUSDT,Exchange.BINANCE,2025-08-31 08:54:00+08:00,Interval.MINUTE,16.17007,0,0,109243.79,109243.79,109202.7,109235.65,BTCUSDT.BINANCE
337,BINANCE,BTCUSDT,Exchange.BINANCE,2025-08-31 08:55:00+08:00,Interval.MINUTE,12.8229,0,0,109235.65,109292.94,109205.98,109290.85,BTCUSDT.BINANCE
338,BINANCE,BTCUSDT,Exchange.BINANCE,2025-08-31 08:56:00+08:00,Interval.MINUTE,30.05903,0,0,109290.85,109400.0,109290.85,109399.99,BTCUSDT.BINANCE
339,BINANCE,BTCUSDT,Exchange.BINANCE,2025-08-31 08:57:00+08:00,Interval.MINUTE,11.78111,0,0,109399.99,109399.99,109347.1,109352.32,BTCUSDT.BINANCE
340,BINANCE,BTCUSDT,Exchange.BINANCE,2025-08-31 08:58:00+08:00,Interval.MINUTE,9.66787,0,0,109352.32,109353.56,109330.79,109347.86,BTCUSDT.BINANCE
341,BINANCE,BTCUSDT,Exchange.BINANCE,2025-08-31 08:59:00+08:00,Interval.MINUTE,9.83765,0,0,109347.85,109393.02,109347.85,109389.08,BTCUSDT.BINANCE
342,BINANCE,BTCUSDT,Exchange.BINANCE,2025-08-31 09:00:00+08:00,Interval.MINUTE,37.9765,0,0,109389.09,109410.28,109315.92,109315.93,BTCUSDT.BINANCE
343,BINANCE,BTCUSDT,Exchange.BINANCE,2025-08-31 09:01:00+08:00,Interval.MINUTE,12.75541,0,0,109315.92,109315.92,109272.0,109272.01,BTCUSDT.BINANCE
344,BINANCE,BTCUSDT,Exchange.BINANCE,2025-08-31 09:02:00+08:00,Interval.MINUTE,27.26602,0,0,109272.01,109308.91,109263.3,109265.5,BTCUSDT.BINANCE
345,BINANCE,BTCUSDT,Exchange.BINANCE,2025-08-31 09:03:00+08:00,Interval.MINUTE,9.55368,0,0,109265.49,109265.5,109212.89,109242.38,BTCUSDT.BINANCE
346,BINANCE,BTCUSDT,Exchange.BINANCE,2025-08-31 09:04:00+08:00,Interval.MINUTE,15.3752,0,0,109242.38,109264.05,109222.38,109222.39,BTCUSDT.BINANCE
347,BINANCE,BTCUSDT,Exchange.BINANCE,2025-08-31 09:05:00+08:00,Interval.MINUTE,9.11526,0,0,109222.39,109263.38,109215.54,109215.54,BTCUSDT.BINANCE
348,BINANCE,BTCUSDT,Exchange.BINANCE,2025-08-31 09:06:00+08:00,Interval.MINUTE,5.72228,0,0,109215.55,109257.88,109215.54,109257.88,BTCUSDT.BINANCE
349,BINANCE,BTCUSDT,Exchange.BINANCE,2025-08-31 09:07:00+08:00,Interval.MINUTE,6.60358,0,0,109257.87,109257.88,109210.9,109210.91,BTCUSDT.BINANCE
350,BINANCE,BTCUSDT,Exchange.BINANCE,2025-08-31 09:08:00+08:00,Interval.MINUTE,9.31321,0,0,109210.91,109224.45,109188.81,109188.82,BTCUSDT.BINANCE
351,BINANCE,BTCUSDT,Exchange.BINANCE,2025-08-31 09:09:00+08:00,Interval.MINUTE,3.18087,0,0,109188.82,109188.82,109165.15,109165.16,BTCUSDT.BINANCE
352,BINANCE,BTCUSDT,Exchange.BINANCE,2025-08-31 09:10:00+08:00,Interval.MINUTE,5.81038,0,0,109165.16,109198.23,109165.15,109177.97,BTCUSDT.BINANCE
353,BINANCE,BTCUSDT,Exchange.BINANCE,2025-08-31 09:11:00+08:00,Interval.MINUTE,3.89873,0,0,109177.97,109191.45,109177.97,109191.45,BTCUSDT.BINANCE
354,BINANCE,BTCUSDT,Exchange.BINANCE,2025-08-31 09:12:00+08:00,Interval.MINUTE,2.93675,0,0,109191.45,109191.45,109166.54,109166.55,BTCUSDT.BINANCE
355,BINANCE,BTCUSDT,Exchange.BINANCE,2025-08-31 09:13:00+08:00,Interval.MINUTE,5.15048,0,0,109166.55,109166.55,109160.16,109160.17,BTCUSDT.BINANCE
356,BINANCE,BTCUSDT,Exchange.BINANCE,2025-08-31 09:14:00+08:00,Interval.MINUTE,7.56248,0,0,109160.16,109160.17,109141.6,109141.61,BTCUSDT.BINANCE
357,BINANCE,BTCUSDT,Exchange.BINANCE,2025-08-31 09:15:00+08:00,Interval.MINUTE,9.15886,0,0,109141.6,109169.63,109141.6,109169.62,BTCUSDT.BINANCE
358,BINANCE,BTCUSDT,Exchange.BINANCE,2025-08-31 09:16:00+08:00,Interval.MINUTE,10.01743,0,0,109169.63,109240.13,109156.31,109205.78,BTCUSDT.BINANCE
359,BINANCE,BTCUSDT,Exchange.BINANCE,2025-08-31 09:17:00+08:00,Interval.MINUTE,6.63069,0,0,109205.77,109233.06,109160.0,109223.74,BTCUSDT.BINANCE
360,BINANCE,BTCUSDT,Exchange.BINANCE,2025-08-31 09:18:00+08:00,Interval.MINUTE,8.53578,0,0,109223.73,109239.6,109185.51,109205.92,BTCUSDT.BINANCE
361,BINANCE,BTCUSDT,Exchange.BINANCE,2025-08-31 09:19:00+08:00,Interval.MINUTE,1.60098,0,0,109205.93,109205.93,109187.41,109191.24,BTCUSDT.BINANCE
362,BINANCE,BTCUSDT,Exchange.BINANCE,2025-08-31 09:20:00+08:00,Interval.MINUTE,4.72747,0,0,109191.25,109253.34,109191.25,109253.34,BTCUSDT.BINANCE
363,BINANCE,BTCUSDT,Exchange.BINANCE,2025-08-31 09:21:00+08:00,Interval.MINUTE,2.17577,0,0,109253.34,109253.34,109236.72,109243.98,BTCUSDT.BINANCE
364,BINANCE,BTCUSDT,Exchange.BINANCE,2025-08-31 09:22:00+08:00,Interval.MINUTE,3.00584,0,0,109243.98,109250.0,109230.48,109230.49,BTCUSDT.BINANCE
365,BINANCE,BTCUSDT,Exchange.BINANCE,2025-08-31 09:23:00+08:00,Interval.MINUTE,3.46279,0,0,109230.49,109287.43,109230.49,109287.43,BTCUSDT.BINANCE
366,BINANCE,BTCUSDT,Exchange.BINANCE,2025-08-31 09:24:00+08:00,Interval.MINUTE,1.63153,0,0,109287.42,109287.43,109287.42,109287.43,BTCUSDT.BINANCE
367,BINANCE,BTCUSDT,Exchange.BINANCE,2025-08-31 09:25:00+08:00,Interval.MINUTE,2.05786,0,0,109287.43,109287.43,109269.32,109276.59,BTCUSDT.BINANCE
368,BINANCE,BTCUSDT,Exchange.BINANCE,2025-08-31 09:26:00+08:00,Interval.MINUTE,2.02932,0,0,109276.01,109276.01,109243.16,109243.17,BTCUSDT.BINANCE
369,BINANCE,BTCUSDT,Exchange.BINANCE,2025-08-31 09:27:00+08:00,Interval.MINUTE,2.25909,0,0,109243.18,109243.18,109209.8,109209.81,BTCUSDT.BINANCE
370,BINANCE,BTCUSDT,Exchange.BINANCE,2025-08-31 09:28:00+08:00,Interval.MINUTE,12.79624,0,0,109209.81,109315.25,109209.8,109315.22,BTCUSDT.BINANCE
371,BINANCE,BTCUSDT,Exchange.BINANCE,2025-08-31 09:29:00+08:00,Interval.MINUTE,6.03748,0,0,109315.21,109348.61,109315.21,109334.01,BTCUSDT.BINANCE
372,BINANCE,BTCUSDT,Exchange.BINANCE,2025-08-31 09:30:00+08:00,Interval.MINUTE,3.91501,0,0,109334.0,109347.84,109309.05,109347.83,BTCUSDT.BINANCE
373,BINANCE,BTCUSDT,Exchange.BINANCE,2025-08-31 09:31:00+08:00,Interval.MINUTE,3.74255,0,0,109347.84,109391.32,109347.83,109385.64,BTCUSDT.BINANCE
374,BINANCE,BTCUSDT,Exchange.BINANCE,2025-08-31 09:32:00+08:00,Interval.MINUTE,7.44922,0,0,109385.64,109425.0,109385.64,109423.99,BTCUSDT.BINANCE
375,BINANCE,BTCUSDT,Exchange.BINANCE,2025-08-31 09:33:00+08:00,Interval.MINUTE,43.66284,0,0,109424.0,109461.42,109392.67,109401.82,BTCUSDT.BINANCE
376,BINANCE,BTCUSDT,Exchange.BINANCE,2025-08-31 09:34:00+08:00,Interval.MINUTE,8.43728,0,0,109401.83,109401.83,109356.0,109398.0,BTCUSDT.BINANCE
377,BINANCE,BTCUSDT,Exchange.BINANCE,2025-08-31 09:35:00+08:00,Interval.MINUTE,2.56117,0,0,109398.0,109412.99,109390.0,109412.98,BTCUSDT.BINANCE
378,BINANCE,BTCUSDT,Exchange.BINANCE,2025-08-31 09:36:00+08:00,Interval.MINUTE,4.99038,0,0,109412.99,109429.4,109412.98,109416.0,BTCUSDT.BINANCE
379,BINANCE,BTCUSDT,Exchange.BINANCE,2025-08-31 09:37:00+08:00,Interval.MINUTE,36.85178,0,0,109416.01,109416.01,109351.51,109351.51,BTCUSDT.BINANCE
380,BINANCE,BTCUSDT,Exchange.BINANCE,2025-08-31 09:38:00+08:00,Interval.MINUTE,5.72128,0,0,109351.51,109351.51,109313.31,109327.75,BTCUSDT.BINANCE
381,BINANCE,BTCUSDT,Exchange.BINANCE,2025-08-31 09:39:00+08:00,Interval.MINUTE,2.91622,0,0,109327.76,109329.05,109300.88,109329.05,BTCUSDT.BINANCE
382,BINANCE,BTCUSDT,Exchange.BINANCE,2025-08-31 09:40:00+08:00,Interval.MINUTE,6.94829,0,0,109329.04,109362.03,109315.85,109315.86,BTCUSDT.BINANCE
383,BINANCE,BTCUSDT,Exchange.BINANCE,2025-08-31 09:41:00+08:00,Interval.MINUTE,3.23222,0,0,109315.86,109315.86,109296.7,109296.71,BTCUSDT.BINANCE
384,BINANCE,BTCUSDT,Exchange.BINANCE,2025-08-31 09:42:00+08:00,Interval.MINUTE,2.37495,0,0,109296.71,109321.11,109296.7,109299.39,BTCUSDT.BINANCE
385,BINANCE,BTCUSDT,Exchange.BINANCE,2025-08-31 09:43:00+08:00,Interval.MINUTE,2.54057,0,0,109299.38,109299.39,109289.82,109289.83,BTCUSDT.BINANCE
386,BINANCE,BTCUSDT,Exchange.BINANCE,2025-08-31 09:44:00+08:00,Interval.MINUTE,2.43036,0,0,109289.83,109334.92,109289.82,109334.92,BTCUSDT.BINANCE
387,BINANCE,BTCUSDT,Exchange.BINANCE,2025-08-31 09:45:00+08:00,Interval.MINUTE,2.00529,0,0,109334.92,109350.99,109334.91,109335.38,BTCUSDT.BINANCE
388,BINANCE,BTCUSDT,Exchange.BINANCE,2025-08-31 09:46:00+08:00,Interval.MINUTE,2.14363,0,0,109335.37,109335.37,109301.62,109301.63,BTCUSDT.BINANCE
389,BINANCE,BTCUSDT,Exchange.BINANCE,2025-08-31 09:47:00+08:00,Interval.MINUTE,3.05631,0,0,109301.63,109383.37,109301.62,109383.36,BTCUSDT.BINANCE
390,BINANCE,BTCUSDT,Exchange.BINANCE,2025-08-31 09:48:00+08:00,Interval.MINUTE,2.99497,0,0,109383.37,109383.37,109352.61,109352.62,BTCUSDT.BINANCE
391,BINANCE,BTCUSDT,Exchange.BINANCE,2025-08-31 09:49:00+08:00,Interval.MINUTE,4.07168,0,0,109352.62,109375.5,109326.2,109375.5,BTCUSDT.BINANCE
392,BINANCE,BTCUSDT,Exchange.BINANCE,2025-08-31 09:50:00+08:00,Interval.MINUTE,1.79744,0,0,109375.5,109388.1,109375.49,109388.1,BTCUSDT.BINANCE
393,BINANCE,BTCUSDT,Exchange.BINANCE,2025-08-31 09:51:00+08:00,Interval.MINUTE,13.08039,0,0,109388.1,109415.64,109380.25,109415.64,BTCUSDT.BINANCE
394,BINANCE,BTCUSDT,Exchange.BINANCE,2025-08-31 09:52:00+08:00,Interval.MINUTE,11.59086,0,0,109415.64,109460.53,109415.64,109450.01,BTCUSDT.BINANCE
395,BINANCE,BTCUSDT,Exchange.BINANCE,2025-08-31 09:53:00+08:00,Interval.MINUTE,3.25773,0,0,109450.0,109460.54,109423.29,109460.54,BTCUSDT.BINANCE
396,BINANCE,BTCUSDT,Exchange.BINANCE,2025-08-31 09:54:00+08:00,Interval.MINUTE,3.33321,0,0,109460.54,109460.54,109432.3,109443.54,BTCUSDT.BINANCE
397,BINANCE,BTCUSDT,Exchange.BINANCE,2025-08-31 09:55:00+08:00,Interval.MINUTE,6.41687,0,0,109443.55,109475.88,109443.54,109475.87,BTCUSDT.BINANCE
398,BINANCE,BTCUSDT,Exchange.BINANCE,2025-08-31 09:56:00+08:00,Interval.MINUTE,2.33364,0,0,109475.87,109480.02,109475.87,109480.02,BTCUSDT.BINANCE
399,BINANCE,BTCUSDT,Exchange.BINANCE,2025-08-31 09:57:00+08:00,Interval.MINUTE,6.30644,0,0,109480.02,109480.02,109450.36,109450.36,BTCUSDT.BINANCE
400,BINANCE,BTCUSDT,Exchange.BINANCE,2025-08-31 09:58:00+08:00,Interval.MINUTE,5.09027,0,0,109450.37,109453.94,109444.79,109444.79,BTCUSDT.BINANCE
401,BINANCE,BTCUSDT,Exchange.BINANCE,2025-08-31 09:59:00+08:00,Interval.MINUTE,13.09211,0,0,109444.8,109444.8,109429.01,109429.01,BTCUSDT.BINANCE
402,BINANCE,BTCUSDT,Exchange.BINANCE,2025-08-31 10:00:00+08:00,Interval.MINUTE,6.46395,0,0,109429.02,109439.54,109421.65,109431.24,BTCUSDT.BINANCE
403,BINANCE,BTCUSDT,Exchange.BINANCE,2025-08-31 10:01:00+08:00,Interval.MINUTE,6.34876,0,0,109431.24,109439.43,109423.42,109423.43,BTCUSDT.BINANCE
404,BINANCE,BTCUSDT,Exchange.BINANCE,2025-08-31 10:02:00+08:00,Interval.MINUTE,9.18669,0,0,109423.43,109423.43,109366.22,109366.22,BTCUSDT.BINANCE
405,BINANCE,BTCUSDT,Exchange.BINANCE,2025-08-31 10:03:00+08:00,Interval.MINUTE,1.51433,0,0,109366.23,109397.19,109366.23,109397.19,BTCUSDT.BINANCE
406,BINANCE,BTCUSDT,Exchange.BINANCE,2025-08-31 10:04:00+08:00,Interval.MINUTE,1.84425,0,0,109397.19,109404.98,109393.37,109393.38,BTCUSDT.BINANCE
407,BINANCE,BTCUSDT,Exchange.BINANCE,2025-08-31 10:05:00+08:00,Interval.MINUTE,7.70833,0,0,109393.38,109403.88,109345.13,109348.28,BTCUSDT.BINANCE
408,BINANCE,BTCUSDT,Exchange.BINANCE,2025-08-31 10:06:00+08:00,Interval.MINUTE,3.75024,0,0,109348.27,109348.28,109332.96,109332.96,BTCUSDT.BINANCE
409,BINANCE,BTCUSDT,Exchange.BINANCE,2025-08-31 10:07:00+08:00,Interval.MINUTE,6.29631,0,0,109332.97,109332.97,109303.0,109303.01,BTCUSDT.BINANCE
410,BINANCE,BTCUSDT,Exchange.BINANCE,2025-08-31 10:08:00+08:00,Interval.MINUTE,9.73113,0,0,109303.01,109363.02,109303.0,109363.02,BTCUSDT.BINANCE
411,BINANCE,BTCUSDT,Exchange.BINANCE,2025-08-31 10:09:00+08:00,Interval.MINUTE,4.25446,0,0,109363.01,109363.02,109334.61,109361.18,BTCUSDT.BINANCE
412,BINANCE,BTCUSDT,Exchange.BINANCE,2025-08-31 10:10:00+08:00,Interval.MINUTE,3.65392,0,0,109361.18,109361.18,109325.95,109326.83,BTCUSDT.BINANCE
413,BINANCE,BTCUSDT,Exchange.BINANCE,2025-08-31 10:11:00+08:00,Interval.MINUTE,2.41136,0,0,109326.83,109326.84,109306.98,109306.99,BTCUSDT.BINANCE
414,BINANCE,BTCUSDT,Exchange.BINANCE,2025-08-31 10:12:00+08:00,Interval.MINUTE,2.00332,0,0,109306.99,109324.87,109306.98,109324.87,BTCUSDT.BINANCE
415,BINANCE,BTCUSDT,Exchange.BINANCE,2025-08-31 10:13:00+08:00,Interval.MINUTE,2.21182,0,0,109324.86,109360.0,109324.86,109360.0,BTCUSDT.BINANCE
416,BINANCE,BTCUSDT,Exchange.BINANCE,2025-08-31 10:14:00+08:00,Interval.MINUTE,9.01888,0,0,109360.0,109376.33,109359.99,109376.33,BTCUSDT.BINANCE
417,BINANCE,BTCUSDT,Exchange.BINANCE,2025-08-31 10:15:00+08:00,Interval.MINUTE,24.88104,0,0,109376.32,109412.15,109333.39,109339.44,BTCUSDT.BINANCE
418,BINANCE,BTCUSDT,Exchange.BINANCE,2025-08-31 10:16:00+08:00,Interval.MINUTE,1.96757,0,0,109339.44,109396.03,109339.43,109396.03,BTCUSDT.BINANCE
419,BINANCE,BTCUSDT,Exchange.BINANCE,2025-08-31 10:17:00+08:00,Interval.MINUTE,0.99146,0,0,109396.03,109406.12,109396.02,109398.01,BTCUSDT.BINANCE
420,BINANCE,BTCUSDT,Exchange.BINANCE,2025-08-31 10:18:00+08:00,Interval.MINUTE,1.4292,0,0,109398.01,109410.42,109387.06,109387.07,BTCUSDT.BINANCE
421,BINANCE,BTCUSDT,Exchange.BINANCE,2025-08-31 10:19:00+08:00,Interval.MINUTE,11.32951,0,0,109387.06,109387.07,109365.89,109365.89,BTCUSDT.BINANCE
422,BINANCE,BTCUSDT,Exchange.BINANCE,2025-08-31 10:20:00+08:00,Interval.MINUTE,3.71936,0,0,109365.9,109365.9,109352.46,109363.45,BTCUSDT.BINANCE
423,BINANCE,BTCUSDT,Exchange.BINANCE,2025-08-31 10:21:00+08:00,Interval.MINUTE,1.57825,0,0,109363.45,109363.45,109335.82,109335.82,BTCUSDT.BINANCE
424,BINANCE,BTCUSDT,Exchange.BINANCE,2025-08-31 10:22:00+08:00,Interval.MINUTE,2.22431,0,0,109335.83,109335.83,109335.28,109335.81,BTCUSDT.BINANCE
425,BINANCE,BTCUSDT,Exchange.BINANCE,2025-08-31 10:23:00+08:00,Interval.MINUTE,1.90276,0,0,109335.81,109335.81,109317.9,109317.91,BTCUSDT.BINANCE
426,BINANCE,BTCUSDT,Exchange.BINANCE,2025-08-31 10:24:00+08:00,Interval.MINUTE,25.50167,0,0,109317.9,109317.9,109289.25,109299.99,BTCUSDT.BINANCE
427,BINANCE,BTCUSDT,Exchange.BINANCE,2025-08-31 10:25:00+08:00,Interval.MINUTE,4.14612,0,0,109300.0,109307.01,109294.99,109295.0,BTCUSDT.BINANCE
428,BINANCE,BTCUSDT,Exchange.BINANCE,2025-08-31 10:26:00+08:00,Interval.MINUTE,0.61899,0,0,109295.0,109295.0,109289.79,109289.79,BTCUSDT.BINANCE
429,BINANCE,BTCUSDT,Exchange.BINANCE,2025-08-31 10:27:00+08:00,Interval.MINUTE,4.55652,0,0,109289.8,109289.8,109282.45,109289.8,BTCUSDT.BINANCE
430,BINANCE,BTCUSDT,Exchange.BINANCE,2025-08-31 10:28:00+08:00,Interval.MINUTE,0.98795,0,0,109289.8,109316.38,109289.79,109316.38,BTCUSDT.BINANCE
431,BINANCE,BTCUSDT,Exchange.BINANCE,2025-08-31 10:29:00+08:00,Interval.MINUTE,1.01103,0,0,109316.38,109325.86,109316.37,109325.86,BTCUSDT.BINANCE
432,BINANCE,BTCUSDT,Exchange.BINANCE,2025-08-31 10:30:00+08:00,Interval.MINUTE,1.46177,0,0,109325.86,109325.86,109308.17,109308.18,BTCUSDT.BINANCE
433,BINANCE,BTCUSDT,Exchange.BINANCE,2025-08-31 10:31:00+08:00,Interval.MINUTE,1.33593,0,0,109308.18,109308.18,109282.39,109282.4,BTCUSDT.BINANCE
434,BINANCE,BTCUSDT,Exchange.BINANCE,2025-08-31 10:32:00+08:00,Interval.MINUTE,3.99212,0,0,109282.4,109282.4,109271.82,109271.82,BTCUSDT.BINANCE
435,BINANCE,BTCUSDT,Exchange.BINANCE,2025-08-31 10:33:00+08:00,Interval.MINUTE,0.51202,0,0,109271.83,109271.83,109271.82,109271.82,BTCUSDT.BINANCE
436,BINANCE,BTCUSDT,Exchange.BINANCE,2025-08-31 10:34:00+08:00,Interval.MINUTE,4.21498,0,0,109271.83,109271.83,109270.35,109270.36,BTCUSDT.BINANCE
437,BINANCE,BTCUSDT,Exchange.BINANCE,2025-08-31 10:35:00+08:00,Interval.MINUTE,2.71481,0,0,109270.35,109280.0,109270.35,109279.99,BTCUSDT.BINANCE
438,BINANCE,BTCUSDT,Exchange.BINANCE,2025-08-31 10:36:00+08:00,Interval.MINUTE,3.34957,0,0,109280.0,109280.0,109249.06,109249.06,BTCUSDT.BINANCE
439,BINANCE,BTCUSDT,Exchange.BINANCE,2025-08-31 10:37:00+08:00,Interval.MINUTE,1.77223,0,0,109249.07,109249.07,109241.34,109241.34,BTCUSDT.BINANCE
440,BINANCE,BTCUSDT,Exchange.BINANCE,2025-08-31 10:38:00+08:00,Interval.MINUTE,1.34848,0,0,109241.35,109248.75,109241.34,109248.75,BTCUSDT.BINANCE
441,BINANCE,BTCUSDT,Exchange.BINANCE,2025-08-31 10:39:00+08:00,Interval.MINUTE,1.65115,0,0,109248.75,109262.95,109248.74,109262.95,BTCUSDT.BINANCE
442,BINANCE,BTCUSDT,Exchange.BINANCE,2025-08-31 10:40:00+08:00,Interval.MINUTE,0.81216,0,0,109262.95,109269.99,109262.95,109269.98,BTCUSDT.BINANCE
443,BINANCE,BTCUSDT,Exchange.BINANCE,2025-08-31 10:41:00+08:00,Interval.MINUTE,2.71358,0,0,109269.98,109269.99,109248.77,109248.78,BTCUSDT.BINANCE
444,BINANCE,BTCUSDT,Exchange.BINANCE,2025-08-31 10:42:00+08:00,Interval.MINUTE,1.02445,0,0,109248.77,109248.78,109241.67,109241.68,BTCUSDT.BINANCE
445,BINANCE,BTCUSDT,Exchange.BINANCE,2025-08-31 10:43:00+08:00,Interval.MINUTE,1.21285,0,0,109241.68,109241.68,109230.0,109230.01,BTCUSDT.BINANCE
446,BINANCE,BTCUSDT,Exchange.BINANCE,2025-08-31 10:44:00+08:00,Interval.MINUTE,6.3301,0,0,109230.0,109230.01,109229.68,109229.68,BTCUSDT.BINANCE
447,BINANCE,BTCUSDT,Exchange.BINANCE,2025-08-31 10:45:00+08:00,Interval.MINUTE,6.93741,0,0,109229.69,109229.69,109228.74,109228.75,BTCUSDT.BINANCE
448,BINANCE,BTCUSDT,Exchange.BINANCE,2025-08-31 10:46:00+08:00,Interval.MINUTE,0.96641,0,0,109228.75,109228.75,109228.74,109228.74,BTCUSDT.BINANCE
449,BINANCE,BTCUSDT,Exchange.BINANCE,2025-08-31 10:47:00+08:00,Interval.MINUTE,1.98957,0,0,109228.75,109228.75,109220.0,109220.01,BTCUSDT.BINANCE
450,BINANCE,BTCUSDT,Exchange.BINANCE,2025-08-31 10:48:00+08:00,Interval.MINUTE,3.06233,0,0,109220.0,109220.0,109171.97,109171.97,BTCUSDT.BINANCE
451,BINANCE,BTCUSDT,Exchange.BINANCE,2025-08-31 10:49:00+08:00,Interval.MINUTE,4.43822,0,0,109171.98,109211.66,109171.97,109211.66,BTCUSDT.BINANCE
452,BINANCE,BTCUSDT,Exchange.BINANCE,2025-08-31 10:50:00+08:00,Interval.MINUTE,2.059,0,0,109211.65,109211.66,109203.56,109203.56,BTCUSDT.BINANCE
453,BINANCE,BTCUSDT,Exchange.BINANCE,2025-08-31 10:51:00+08:00,Interval.MINUTE,2.97053,0,0,109203.57,109216.41,109201.24,109216.4,BTCUSDT.BINANCE
454,BINANCE,BTCUSDT,Exchange.BINANCE,2025-08-31 10:52:00+08:00,Interval.MINUTE,0.56547,0,0,109216.41,109219.91,109216.4,109219.91,BTCUSDT.BINANCE
455,BINANCE,BTCUSDT,Exchange.BINANCE,2025-08-31 10:53:00+08:00,Interval.MINUTE,0.36267,0,0,109219.9,109219.91,109219.9,109219.9,BTCUSDT.BINANCE
456,BINANCE,BTCUSDT,Exchange.BINANCE,2025-08-31 10:54:00+08:00,Interval.MINUTE,1.54892,0,0,109219.91,109219.91,109201.25,109201.26,BTCUSDT.BINANCE
457,BINANCE,BTCUSDT,Exchange.BINANCE,2025-08-31 10:55:00+08:00,Interval.MINUTE,1.73462,0,0,109201.26,109201.26,109196.43,109196.44,BTCUSDT.BINANCE
458,BINANCE,BTCUSDT,Exchange.BINANCE,2025-08-31 10:56:00+08:00,Interval.MINUTE,0.15293,0,0,109196.44,109196.44,109196.43,109196.43,BTCUSDT.BINANCE
459,BINANCE,BTCUSDT,Exchange.BINANCE,2025-08-31 10:57:00+08:00,Interval.MINUTE,0.9514,0,0,109196.43,109208.95,109196.43,109208.95,BTCUSDT.BINANCE
460,BINANCE,BTCUSDT,Exchange.BINANCE,2025-08-31 10:58:00+08:00,Interval.MINUTE,0.69637,0,0,109208.95,109224.88,109208.94,109224.88,BTCUSDT.BINANCE
461,BINANCE,BTCUSDT,Exchange.BINANCE,2025-08-31 10:59:00+08:00,Interval.MINUTE,1.36119,0,0,109224.88,109224.88,109224.87,109224.87,BTCUSDT.BINANCE
462,BINANCE,BTCUSDT,Exchange.BINANCE,2025-08-31 11:00:00+08:00,Interval.MINUTE,5.80544,0,0,109224.88,109240.0,109224.87,109240.0,BTCUSDT.BINANCE
463,BINANCE,BTCUSDT,Exchange.BINANCE,2025-08-31 11:01:00+08:00,Interval.MINUTE,0.99626,0,0,109239.99,109246.28,109239.99,109246.28,BTCUSDT.BINANCE
464,BINANCE,BTCUSDT,Exchange.BINANCE,2025-08-31 11:02:00+08:00,Interval.MINUTE,0.37338,0,0,109246.27,109246.28,109246.27,109246.27,BTCUSDT.BINANCE
465,BINANCE,BTCUSDT,Exchange.BINANCE,2025-08-31 11:03:00+08:00,Interval.MINUTE,2.48014,0,0,109246.27,109280.85,109246.27,109280.84,BTCUSDT.BINANCE
466,BINANCE,BTCUSDT,Exchange.BINANCE,2025-08-31 11:04:00+08:00,Interval.MINUTE,15.66539,0,0,109280.85,109294.3,109280.85,109294.3,BTCUSDT.BINANCE
467,BINANCE,BTCUSDT,Exchange.BINANCE,2025-08-31 11:05:00+08:00,Interval.MINUTE,28.67517,0,0,109294.29,109302.66,109294.29,109302.65,BTCUSDT.BINANCE
468,BINANCE,BTCUSDT,Exchange.BINANCE,2025-08-31 11:06:00+08:00,Interval.MINUTE,15.02937,0,0,109302.66,109305.61,109302.65,109305.61,BTCUSDT.BINANCE
469,BINANCE,BTCUSDT,Exchange.BINANCE,2025-08-31 11:07:00+08:00,Interval.MINUTE,7.9217,0,0,109305.6,109335.81,109305.6,109335.81,BTCUSDT.BINANCE
470,BINANCE,BTCUSDT,Exchange.BINANCE,2025-08-31 11:08:00+08:00,Interval.MINUTE,3.86567,0,0,109335.81,109335.81,109314.87,109314.87,BTCUSDT.BINANCE
471,BINANCE,BTCUSDT,Exchange.BINANCE,2025-08-31 11:09:00+08:00,Interval.MINUTE,0.58836,0,0,109314.88,109314.88,109314.87,109314.87,BTCUSDT.BINANCE
472,BINANCE,BTCUSDT,Exchange.BINANCE,2025-08-31 11:10:00+08:00,Interval.MINUTE,1.61535,0,0,109314.88,109314.88,109314.87,109314.87,BTCUSDT.BINANCE
473,BINANCE,BTCUSDT,Exchange.BINANCE,2025-08-31 11:11:00+08:00,Interval.MINUTE,1.46923,0,0,109314.87,109324.0,109314.87,109323.99,BTCUSDT.BINANCE
474,BINANCE,BTCUSDT,Exchange.BINANCE,2025-08-31 11:12:00+08:00,Interval.MINUTE,2.67945,0,0,109324.0,109335.91,109323.99,109324.01,BTCUSDT.BINANCE
475,BINANCE,BTCUSDT,Exchange.BINANCE,2025-08-31 11:13:00+08:00,Interval.MINUTE,32.23643,0,0,109324.01,109334.91,109324.0,109334.91,BTCUSDT.BINANCE
476,BINANCE,BTCUSDT,Exchange.BINANCE,2025-08-31 11:14:00+08:00,Interval.MINUTE,1.41103,0,0,109334.91,109334.91,109320.61,109320.61,BTCUSDT.BINANCE
477,BINANCE,BTCUSDT,Exchange.BINANCE,2025-08-31 11:15:00+08:00,Interval.MINUTE,4.64274,0,0,109320.62,109320.62,109252.86,109252.86,BTCUSDT.BINANCE
478,BINANCE,BTCUSDT,Exchange.BINANCE,2025-08-31 11:16:00+08:00,Interval.MINUTE,5.48028,0,0,109252.87,109252.87,109238.56,109238.56,BTCUSDT.BINANCE
479,BINANCE,BTCUSDT,Exchange.BINANCE,2025-08-31 11:17:00+08:00,Interval.MINUTE,9.25656,0,0,109238.56,109254.94,109218.15,109218.16,BTCUSDT.BINANCE
480,BINANCE,BTCUSDT,Exchange.BINANCE,2025-08-31 11:18:00+08:00,Interval.MINUTE,2.90588,0,0,109218.16,109218.16,109203.04,109203.04,BTCUSDT.BINANCE
481,BINANCE,BTCUSDT,Exchange.BINANCE,2025-08-31 11:19:00+08:00,Interval.MINUTE,3.84614,0,0,109203.05,109254.94,109203.05,109254.94,BTCUSDT.BINANCE
482,BINANCE,BTCUSDT,Exchange.BINANCE,2025-08-31 11:20:00+08:00,Interval.MINUTE,5.45244,0,0,109254.93,109275.26,109254.93,109256.98,BTCUSDT.BINANCE
483,BINANCE,BTCUSDT,Exchange.BINANCE,2025-08-31 11:21:00+08:00,Interval.MINUTE,2.80031,0,0,109256.97,109275.02,109237.08,109275.02,BTCUSDT.BINANCE
484,BINANCE,BTCUSDT,Exchange.BINANCE,2025-08-31 11:22:00+08:00,Interval.MINUTE,0.54686,0,0,109275.02,109275.02,109275.01,109275.02,BTCUSDT.BINANCE
485,BINANCE,BTCUSDT,Exchange.BINANCE,2025-08-31 11:23:00+08:00,Interval.MINUTE,7.01964,0,0,109275.02,109275.02,109274.99,109275.0,BTCUSDT.BINANCE
486,BINANCE,BTCUSDT,Exchange.BINANCE,2025-08-31 11:24:00+08:00,Interval.MINUTE,10.73602,0,0,109275.0,109306.93,109274.99,109306.93,BTCUSDT.BINANCE
487,BINANCE,BTCUSDT,Exchange.BINANCE,2025-08-31 11:25:00+08:00,Interval.MINUTE,0.99285,0,0,109306.93,109306.93,109306.92,109306.92,BTCUSDT.BINANCE
488,BINANCE,BTCUSDT,Exchange.BINANCE,2025-08-31 11:26:00+08:00,Interval.MINUTE,3.25072,0,0,109306.93,109306.93,109274.0,109274.01,BTCUSDT.BINANCE
489,BINANCE,BTCUSDT,Exchange.BINANCE,2025-08-31 11:27:00+08:00,Interval.MINUTE,6.33341,0,0,109274.0,109289.95,109252.76,109252.76,BTCUSDT.BINANCE
490,BINANCE,BTCUSDT,Exchange.BINANCE,2025-08-31 11:28:00+08:00,Interval.MINUTE,0.96769,0,0,109252.76,109252.76,109232.78,109232.79,BTCUSDT.BINANCE
491,BINANCE,BTCUSDT,Exchange.BINANCE,2025-08-31 11:29:00+08:00,Interval.MINUTE,4.65963,0,0,109232.79,109249.16,109221.08,109221.09,BTCUSDT.BINANCE
492,BINANCE,BTCUSDT,Exchange.BINANCE,2025-08-31 11:30:00+08:00,Interval.MINUTE,1.39299,0,0,109221.09,109221.09,109200.0,109200.01,BTCUSDT.BINANCE
493,BINANCE,BTCUSDT,Exchange.BINANCE,2025-08-31 11:31:00+08:00,Interval.MINUTE,3.59528,0,0,109200.01,109200.01,109182.04,109182.04,BTCUSDT.BINANCE
494,BINANCE,BTCUSDT,Exchange.BINANCE,2025-08-31 11:32:00+08:00,Interval.MINUTE,2.52384,0,0,109182.04,109190.01,109172.0,109179.59,BTCUSDT.BINANCE
495,BINANCE,BTCUSDT,Exchange.BINANCE,2025-08-31 11:33:00+08:00,Interval.MINUTE,0.90271,0,0,109179.59,109190.01,109179.58,109188.33,BTCUSDT.BINANCE
496,BINANCE,BTCUSDT,Exchange.BINANCE,2025-08-31 11:34:00+08:00,Interval.MINUTE,2.32748,0,0,109188.33,109213.63,109188.32,109213.63,BTCUSDT.BINANCE
497,BINANCE,BTCUSDT,Exchange.BINANCE,2025-08-31 11:35:00+08:00,Interval.MINUTE,5.75109,0,0,109213.62,109238.0,109213.62,109238.0,BTCUSDT.BINANCE
498,BINANCE,BTCUSDT,Exchange.BINANCE,2025-08-31 11:36:00+08:00,Interval.MINUTE,0.82804,0,0,109238.0,109238.0,109222.46,109222.46,BTCUSDT.BINANCE
499,BINANCE,BTCUSDT,Exchange.BINANCE,2025-08-31 11:37:00+08:00,Interval.MINUTE,2.67226,0,0,109222.46,109260.0,109222.46,109259.99,BTCUSDT.BINANCE
